source_entry	source_function	from_address	to_address	to_function	ref_type
00430450	<no function>				
0043c860	<no function>				
0043cb90	<no function>				
0043cc70	<no function>				
0043cd00	<no function>				
0043cfa0	<no function>				
0043ce00	<no function>				
00436d80	<no function>				
00436cd0	<no function>				
00548370	<no function>				
0042ad20	FUN_0042ad20	0042ad27	0042ac90	FUN_0042ac90	UNCONDITIONAL_CALL
004304c0	<no function>				
0042a530	<no function>				
0042a480	<no function>				
0042a400	FUN_0042a400	0042a405	0042a42c	FUN_0042a400	CONDITIONAL_JUMP
0042a400	FUN_0042a400	0042a411	EXTERNAL:00000028	KERNEL32.DLL::FileTimeToLocalFileTime	COMPUTED_CALL
0042a400	FUN_0042a400	0042a419	0042a42c	FUN_0042a400	CONDITIONAL_JUMP
00430240	<no function>				
004302e0	FUN_004302e0	004302e7	004288c0	FUN_004288c0	UNCONDITIONAL_CALL
004302e0	FUN_004302e0	004302f2	004064c0	FUN_004064c0	UNCONDITIONAL_CALL
004302e0	FUN_004302e0	00430314	004068f0	FUN_004068f0	UNCONDITIONAL_CALL
004302e0	FUN_004302e0	0043031d	00407cc0	FUN_00407cc0	UNCONDITIONAL_CALL
004302e0	FUN_004302e0	00430326	00406610	FUN_00406610	UNCONDITIONAL_CALL
004302e0	FUN_004302e0	0043032f	00406610	FUN_00406610	UNCONDITIONAL_CALL
00430350	FUN_00430350	00430350	004288c0	FUN_004288c0	UNCONDITIONAL_CALL
00430350	FUN_00430350	00430357	004288c0	FUN_004288c0	UNCONDITIONAL_CALL
00430350	FUN_00430350	0043035e	004288c0	FUN_004288c0	UNCONDITIONAL_CALL
00430350	FUN_00430350	0043036b	004064c0	FUN_004064c0	UNCONDITIONAL_CALL
00430350	FUN_00430350	00430395	00406950	FUN_00406950	UNCONDITIONAL_CALL
00430350	FUN_00430350	0043039e	00407cc0	FUN_00407cc0	UNCONDITIONAL_CALL
00430350	FUN_00430350	004303a7	00406610	FUN_00406610	UNCONDITIONAL_CALL
00430350	FUN_00430350	004303b0	00406610	FUN_00406610	UNCONDITIONAL_CALL
004303e0	<no function>				
0042a3c0	<no function>				
00430570	<no function>				
00404830	<no function>				
004304c0	<no function>				
0040de20	FUN_0040de20	0040de25	0040de2d	FUN_0040de20	CONDITIONAL_JUMP
0040de20	FUN_0040de20	0040de2b	0040de3e	FUN_0040de20	CONDITIONAL_JUMP
0040de20	FUN_0040de20	0040de30	0040de43	FUN_0040de20	CONDITIONAL_JUMP
0040de20	FUN_0040de20	0040de3c	0040de05	FUN_0040db61	UNCONDITIONAL_JUMP
0040de20	FUN_0040de20	0040de41	0040de49	FUN_0040de20	UNCONDITIONAL_JUMP
0040de20	FUN_0040de20	0040de58	0040e02a	FUN_0040de20	CONDITIONAL_JUMP
0040de20	FUN_0040de20	0040de5e	0040dfe4	FUN_0040de20	CONDITIONAL_JUMP
0040de20	FUN_0040de20	0040de67	0040df9e	FUN_0040de20	CONDITIONAL_JUMP
0040de20	FUN_0040de20	0040de6e	0040df58	FUN_0040de20	CONDITIONAL_JUMP
0040de20	FUN_0040de20	0040de75	0040df12	FUN_0040de20	CONDITIONAL_JUMP
0040de20	FUN_0040de20	0040de7c	0040decc	FUN_0040de20	CONDITIONAL_JUMP
0040de20	FUN_0040de20	0040de80	0040e142	FUN_0040de20	CONDITIONAL_JUMP
0040de20	FUN_0040de20	0040de88	0040de9b	FUN_0040de20	CONDITIONAL_JUMP
0040de20	FUN_0040de20	0040de90	00411a9c	FUN_00411a9c	UNCONDITIONAL_CALL
0040de20	FUN_0040de20	0040de99	0040debe	FUN_0040de20	CONDITIONAL_JUMP
0040de20	FUN_0040de20	0040de9e	0040deaf	FUN_0040de20	CONDITIONAL_JUMP
0040de20	FUN_0040de20	0040dea6	0040e421	FUN_0040e421	UNCONDITIONAL_CALL
0040de20	FUN_0040de20	0040dead	0040debe	FUN_0040de20	UNCONDITIONAL_JUMP
0040de20	FUN_0040de20	0040deb6	0040e434	FUN_0040e434	UNCONDITIONAL_CALL
0040de20	FUN_0040de20	0040dec7	0040e12e	FUN_0040de20	UNCONDITIONAL_JUMP
0040de20	FUN_0040de20	0040dece	0040dee1	FUN_0040de20	CONDITIONAL_JUMP
0040de20	FUN_0040de20	0040ded6	00411c82	FUN_00411c82	UNCONDITIONAL_CALL
0040de20	FUN_0040de20	0040dedf	0040df04	FUN_0040de20	CONDITIONAL_JUMP
0040de20	FUN_0040de20	0040dee4	0040def5	FUN_0040de20	CONDITIONAL_JUMP
0040de20	FUN_0040de20	0040deec	0040e421	FUN_0040e421	UNCONDITIONAL_CALL
0040de20	FUN_0040de20	0040def3	0040df04	FUN_0040de20	UNCONDITIONAL_JUMP
0040de20	FUN_0040de20	0040defc	0040e434	FUN_0040e434	UNCONDITIONAL_CALL
0040de20	FUN_0040de20	0040df0d	0040e12e	FUN_0040de20	UNCONDITIONAL_JUMP
0040de20	FUN_0040de20	0040df14	0040df27	FUN_0040de20	CONDITIONAL_JUMP
0040de20	FUN_0040de20	0040df1c	00413c2f	FUN_00413c2f	UNCONDITIONAL_CALL
0040de20	FUN_0040de20	0040df25	0040df4a	FUN_0040de20	CONDITIONAL_JUMP
0040de20	FUN_0040de20	0040df2a	0040df3b	FUN_0040de20	CONDITIONAL_JUMP
0040de20	FUN_0040de20	0040df32	0040e421	FUN_0040e421	UNCONDITIONAL_CALL
0040de20	FUN_0040de20	0040df39	0040df4a	FUN_0040de20	UNCONDITIONAL_JUMP
0040de20	FUN_0040de20	0040df42	0040e434	FUN_0040e434	UNCONDITIONAL_CALL
0040de20	FUN_0040de20	0040df53	0040e12e	FUN_0040de20	UNCONDITIONAL_JUMP
0040de20	FUN_0040de20	0040df5a	0040df6d	FUN_0040de20	CONDITIONAL_JUMP
0040de20	FUN_0040de20	0040df62	00410c54	FUN_00410c54	UNCONDITIONAL_CALL
0040de20	FUN_0040de20	0040df6b	0040df90	FUN_0040de20	CONDITIONAL_JUMP
0040de20	FUN_0040de20	0040df70	0040df81	FUN_0040de20	CONDITIONAL_JUMP
0040de20	FUN_0040de20	0040df78	0040e421	FUN_0040e421	UNCONDITIONAL_CALL
0040de20	FUN_0040de20	0040df7f	0040df90	FUN_0040de20	UNCONDITIONAL_JUMP
0040de20	FUN_0040de20	0040df88	0040e434	FUN_0040e434	UNCONDITIONAL_CALL
0040de20	FUN_0040de20	0040df99	0040e12e	FUN_0040de20	UNCONDITIONAL_JUMP
0040de20	FUN_0040de20	0040dfa0	0040dfb3	FUN_0040de20	CONDITIONAL_JUMP
0040de20	FUN_0040de20	0040dfa8	004134b2	FUN_004134b2	UNCONDITIONAL_CALL
0040de20	FUN_0040de20	0040dfb1	0040dfd6	FUN_0040de20	CONDITIONAL_JUMP
0040de20	FUN_0040de20	0040dfb6	0040dfc7	FUN_0040de20	CONDITIONAL_JUMP
0040de20	FUN_0040de20	0040dfbe	0040e421	FUN_0040e421	UNCONDITIONAL_CALL
0040de20	FUN_0040de20	0040dfc5	0040dfd6	FUN_0040de20	UNCONDITIONAL_JUMP
0040de20	FUN_0040de20	0040dfce	0040e434	FUN_0040e434	UNCONDITIONAL_CALL
0040de20	FUN_0040de20	0040dfdf	0040e12e	FUN_0040de20	UNCONDITIONAL_JUMP
0040de20	FUN_0040de20	0040dfe6	0040dff9	FUN_0040de20	CONDITIONAL_JUMP
0040de20	FUN_0040de20	0040dfee	00413e14	FUN_00413e14	UNCONDITIONAL_CALL
0040de20	FUN_0040de20	0040dff7	0040e01c	FUN_0040de20	CONDITIONAL_JUMP
0040de20	FUN_0040de20	0040dffc	0040e00d	FUN_0040de20	CONDITIONAL_JUMP
0040de20	FUN_0040de20	0040e004	0040e421	FUN_0040e421	UNCONDITIONAL_CALL
0040de20	FUN_0040de20	0040e00b	0040e01c	FUN_0040de20	UNCONDITIONAL_JUMP
0040de20	FUN_0040de20	0040e014	0040e434	FUN_0040e434	UNCONDITIONAL_CALL
0040de20	FUN_0040de20	0040e025	0040e12e	FUN_0040de20	UNCONDITIONAL_JUMP
0040de20	FUN_0040de20	0040e02d	0040e0ed	FUN_0040de20	CONDITIONAL_JUMP
0040de20	FUN_0040de20	0040e036	0040e0d5	FUN_0040de20	CONDITIONAL_JUMP
0040de20	FUN_0040de20	0040e03f	0040e092	FUN_0040de20	CONDITIONAL_JUMP
0040de20	FUN_0040de20	0040e046	0040e142	FUN_0040de20	CONDITIONAL_JUMP
0040de20	FUN_0040de20	0040e04e	0040e061	FUN_0040de20	CONDITIONAL_JUMP
0040de20	FUN_0040de20	0040e056	0041392a	FUN_0041392a	UNCONDITIONAL_CALL
0040de20	FUN_0040de20	0040e05f	0040e084	FUN_0040de20	CONDITIONAL_JUMP
0040de20	FUN_0040de20	0040e064	0040e075	FUN_0040de20	CONDITIONAL_JUMP
0040de20	FUN_0040de20	0040e06c	0040e421	FUN_0040e421	UNCONDITIONAL_CALL
0040de20	FUN_0040de20	0040e073	0040e084	FUN_0040de20	UNCONDITIONAL_JUMP
0040de20	FUN_0040de20	0040e07c	0040e434	FUN_0040e434	UNCONDITIONAL_CALL
0040de20	FUN_0040de20	0040e08d	0040e12e	FUN_0040de20	UNCONDITIONAL_JUMP
0040de20	FUN_0040de20	0040e094	0040e0a7	FUN_0040de20	CONDITIONAL_JUMP
0040de20	FUN_0040de20	0040e09c	004117c0	FUN_004117c0	UNCONDITIONAL_CALL
0040de20	FUN_0040de20	0040e0a5	0040e0ca	FUN_0040de20	CONDITIONAL_JUMP
0040de20	FUN_0040de20	0040e0aa	0040e0bb	FUN_0040de20	CONDITIONAL_JUMP
0040de20	FUN_0040de20	0040e0b2	0040e421	FUN_0040e421	UNCONDITIONAL_CALL
0040de20	FUN_0040de20	0040e0b9	0040e0ca	FUN_0040de20	UNCONDITIONAL_JUMP
0040de20	FUN_0040de20	0040e0c2	0040e434	FUN_0040e434	UNCONDITIONAL_CALL
0040de20	FUN_0040de20	0040e0d3	0040e12e	FUN_0040de20	UNCONDITIONAL_JUMP
0040de20	FUN_0040de20	0040e0db	0040e421	FUN_0040e421	UNCONDITIONAL_CALL
0040de20	FUN_0040de20	0040e0eb	0040e12e	FUN_0040de20	UNCONDITIONAL_JUMP
0040de20	FUN_0040de20	0040e0ef	0040e102	FUN_0040de20	CONDITIONAL_JUMP
0040de20	FUN_0040de20	0040e0f7	00414426	FUN_00414426	UNCONDITIONAL_CALL
0040de20	FUN_0040de20	0040e100	0040e125	FUN_0040de20	CONDITIONAL_JUMP
0040de20	FUN_0040de20	0040e105	0040e116	FUN_0040de20	CONDITIONAL_JUMP
0040de20	FUN_0040de20	0040e10d	0040e421	FUN_0040e421	UNCONDITIONAL_CALL
0040de20	FUN_0040de20	0040e114	0040e125	FUN_0040de20	UNCONDITIONAL_JUMP
0040de20	FUN_0040de20	0040e11d	0040e434	FUN_0040e434	UNCONDITIONAL_CALL
0040de20	FUN_0040de20	0040e14c	0040ddb3	FUN_0040db61	CONDITIONAL_JUMP
0040de20	FUN_0040de20	0040e159	0040e421	FUN_0040e421	UNCONDITIONAL_CALL
0040de20	FUN_0040de20	0040e167	0040e18f	FUN_0040de20	CONDITIONAL_JUMP
0040de20	FUN_0040de20	0040e16f	0040e421	FUN_0040e421	UNCONDITIONAL_CALL
0040de20	FUN_0040de20	0040e194	0040e1bc	FUN_0040de20	CONDITIONAL_JUMP
0040de20	FUN_0040de20	0040e19c	0040e421	FUN_0040e421	UNCONDITIONAL_CALL
0040de20	FUN_0040de20	0040e1c1	0040e1e9	FUN_0040de20	CONDITIONAL_JUMP
0040de20	FUN_0040de20	0040e1c9	0040e421	FUN_0040e421	UNCONDITIONAL_CALL
0040de20	FUN_0040de20	0040e1ee	0040e216	FUN_0040de20	CONDITIONAL_JUMP
0040de20	FUN_0040de20	0040e1f6	0040e421	FUN_0040e421	UNCONDITIONAL_CALL
0040de20	FUN_0040de20	0040e21b	0040e243	FUN_0040de20	CONDITIONAL_JUMP
0040de20	FUN_0040de20	0040e223	0040e421	FUN_0040e421	UNCONDITIONAL_CALL
0040de20	FUN_0040de20	0040e248	0040e270	FUN_0040de20	CONDITIONAL_JUMP
0040de20	FUN_0040de20	0040e250	0040e421	FUN_0040e421	UNCONDITIONAL_CALL
0040de20	FUN_0040de20	0040e275	0040e29d	FUN_0040de20	CONDITIONAL_JUMP
0040de20	FUN_0040de20	0040e27d	0040e421	FUN_0040e421	UNCONDITIONAL_CALL
0040de20	FUN_0040de20	0040e2a2	0040e2ca	FUN_0040de20	CONDITIONAL_JUMP
0040de20	FUN_0040de20	0040e2aa	0040e421	FUN_0040e421	UNCONDITIONAL_CALL
0040de20	FUN_0040de20	0040e2cf	0040e2f7	FUN_0040de20	CONDITIONAL_JUMP
0040de20	FUN_0040de20	0040e2d7	0040e421	FUN_0040e421	UNCONDITIONAL_CALL
0040de20	FUN_0040de20	0040e2fc	0040e321	FUN_0040de20	CONDITIONAL_JUMP
0040de20	FUN_0040de20	0040e304	0040e421	FUN_0040e421	UNCONDITIONAL_CALL
0040de20	FUN_0040de20	0040e323	0040dcab	FUN_0040db61	UNCONDITIONAL_JUMP
0041c660	<no function>				
00419c90	FUN_00419c90	00419cba	00419cc2	FUN_00419c90	CONDITIONAL_JUMP
00419c90	FUN_00419c90	00419ccd	00419cd4	FUN_00419c90	CONDITIONAL_JUMP
00419c90	FUN_00419c90	00419cda	00419ce2	FUN_00419c90	CONDITIONAL_JUMP
00419c90	FUN_00419c90	00419ced	00419cf4	FUN_00419c90	CONDITIONAL_JUMP
00419c90	FUN_00419c90	00419d03	00419e50	FUN_00419c90	CONDITIONAL_JUMP
00419c90	FUN_00419c90	00419d2a	00419e3f	FUN_00419c90	CONDITIONAL_JUMP
00419c90	FUN_00419c90	00419d3c	00419e3f	FUN_00419c90	CONDITIONAL_JUMP
00419c90	FUN_00419c90	00419d52	00419e3b	FUN_00419c90	CONDITIONAL_JUMP
00419c90	FUN_00419c90	00419d6a	00419e3f	FUN_00419c90	CONDITIONAL_JUMP
00419c90	FUN_00419c90	00419d75	00419e3f	FUN_00419c90	CONDITIONAL_JUMP
00419c90	FUN_00419c90	00419d7b	00419290	FUN_00419290	UNCONDITIONAL_CALL
00419c90	FUN_00419c90	00419d94	00419da2	FUN_00419c90	CONDITIONAL_JUMP
00419c90	FUN_00419c90	00419dc0	00419dc4	FUN_00419c90	CONDITIONAL_JUMP
00419c90	FUN_00419c90	00419dc6	00419e37	FUN_00419c90	CONDITIONAL_JUMP
00419c90	FUN_00419c90	00419dd8	00419ddc	FUN_00419c90	CONDITIONAL_JUMP
00419c90	FUN_00419c90	00419df4	00419df8	FUN_00419c90	CONDITIONAL_JUMP
00419c90	FUN_00419c90	00419dfa	00419e37	FUN_00419c90	CONDITIONAL_JUMP
00419c90	FUN_00419c90	00419e02	00419e32	FUN_00419c90	CONDITIONAL_JUMP
00419c90	FUN_00419c90	00419e18	00419e2d	FUN_00419c90	CONDITIONAL_JUMP
00419c90	FUN_00419c90	00419e1f	00419c90	FUN_00419c90	UNCONDITIONAL_CALL
00419c90	FUN_00419c90	00419e30	00419e04	FUN_00419c90	CONDITIONAL_JUMP
00419c90	FUN_00419c90	00419e35	00419dfc	FUN_00419c90	CONDITIONAL_JUMP
00419c90	FUN_00419c90	00419e48	00419d0b	FUN_00419c90	CONDITIONAL_JUMP
0041df60	FUN_0041df60	0041df1c	0041dfbe	FUN_0041df60	CONDITIONAL_JUMP
0041df60	FUN_0041df60	0041df2f	0041df73	FUN_0041df60	CONDITIONAL_JUMP
0041df60	FUN_0041df60	0041df3b	0041aff0	FUN_0041aff0	UNCONDITIONAL_CALL
0041df60	FUN_0041df60	0041df42	0041df73	FUN_0041df60	CONDITIONAL_JUMP
0041df60	FUN_0041df60	0041df46	0041b130	FUN_0041b130	UNCONDITIONAL_CALL
0041df60	FUN_0041df60	0041df55	0041df73	FUN_0041df60	CONDITIONAL_JUMP
0041df60	FUN_0041df60	0041df5e	0041df73	FUN_0041df60	CONDITIONAL_JUMP
0041df60	FUN_0041df60	0041df65	0041b2b0	FUN_0041b2b0	UNCONDITIONAL_CALL
0041df60	FUN_0041df60	0041df71	0041df57	FUN_0041df60	CONDITIONAL_JUMP
0041df60	FUN_0041df60	0041df79	0041df96	FUN_0041df60	CONDITIONAL_JUMP
0041df60	FUN_0041df60	0041df7d	0041df8e	FUN_0041df60	CONDITIONAL_JUMP
0041df60	FUN_0041df60	0041df89	0041a1b0	FUN_0041a1b0	UNCONDITIONAL_CALL
0041df60	FUN_0041df60	0041dfa2	0041df05	FUN_0041df60	CONDITIONAL_JUMP
0041c140	FUN_0041c140	0041c14d	004057d0	FUN_004057d0	UNCONDITIONAL_CALL
00418160	<no function>				
004419c0	<no function>				
00447440	<no function>				
00441e70	<no function>				
0044e9f0	<no function>				
00431b80	FUN_00431b80	00431b82	00431b92	FUN_00431b80	CONDITIONAL_JUMP
00431b80	FUN_00431b80	00431b86	00431b92	FUN_00431b80	UNCONDITIONAL_JUMP
00431b80	FUN_00431b80	00431b98	00431bf0	FUN_00431b80	CONDITIONAL_JUMP
00431b80	FUN_00431b80	00431ba4	00431bc5	FUN_00431b80	CONDITIONAL_JUMP
00420db0	FUN_00420db0	00420dd1	00420deb	FUN_00420db0	CONDITIONAL_JUMP
00420db0	FUN_00420db0	00420e0d	0040a250	FUN_0040a250	UNCONDITIONAL_CALL
00420db0	FUN_00420db0	00420e28	0040a250	FUN_0040a250	UNCONDITIONAL_CALL
00420db0	FUN_00420db0	00420e43	0040a250	FUN_0040a250	UNCONDITIONAL_CALL
00420db0	FUN_00420db0	00420e59	0040a250	FUN_0040a250	UNCONDITIONAL_CALL
00420db0	FUN_00420db0	00420e65	00418c80	FUN_00418c80	UNCONDITIONAL_CALL
00420db0	FUN_00420db0	00420e79	00420f94	FUN_00420db0	CONDITIONAL_JUMP
00420db0	FUN_00420db0	00420e9b	0040d9c0	FUN_0040d9c0	UNCONDITIONAL_CALL
00420db0	FUN_00420db0	00420ea6	00420f67	FUN_00420db0	CONDITIONAL_JUMP
00420db0	FUN_00420db0	00420ed1	0040d9c0	FUN_0040d9c0	UNCONDITIONAL_CALL
00420db0	FUN_00420db0	00420ee5	0041f790	FUN_0041f790	UNCONDITIONAL_CALL
00420db0	FUN_00420db0	00420ef2	0041f790	FUN_0041f790	UNCONDITIONAL_CALL
00420db0	FUN_00420db0	00420f0c	0041f790	FUN_0041f790	UNCONDITIONAL_CALL
00420db0	FUN_00420db0	00420f1b	0041f790	FUN_0041f790	UNCONDITIONAL_CALL
00420db0	FUN_00420db0	00420f2a	0041f790	FUN_0041f790	UNCONDITIONAL_CALL
00420db0	FUN_00420db0	00420f39	0041f790	FUN_0041f790	UNCONDITIONAL_CALL
00420db0	FUN_00420db0	00420f42	0041f790	FUN_0041f790	UNCONDITIONAL_CALL
00420db0	FUN_00420db0	00420f4b	0041f790	FUN_0041f790	UNCONDITIONAL_CALL
00420db0	FUN_00420db0	00420f61	00420ebd	FUN_00420db0	CONDITIONAL_JUMP
00420db0	FUN_00420db0	00420f8e	00420e7f	FUN_00420db0	CONDITIONAL_JUMP
00414980	<no function>				
00444d90	<no function>				
0043d310	<no function>				
0041ee50	FUN_0041ee50	0041ee50	0041ed70	FUN_0041ed70	UNCONDITIONAL_CALL
0041ee50	FUN_0041ee50	0041ee6e	004197a0	FUN_004197a0	UNCONDITIONAL_CALL
00437db0	<no function>				
004459e0	<no function>				
0040f990	FUN_0040f990	0040e97f	004102bc	FUN_0040f990	UNCONDITIONAL_JUMP
0040f990	FUN_0040f990	0040f99e	00413525	FUN_00413525	UNCONDITIONAL_CALL
0040f990	FUN_0040f990	0040f9b0	0040ff1b	FUN_0040f990	UNCONDITIONAL_JUMP
0040f990	FUN_0040f990	0040ff1c	00413525	FUN_00413525	UNCONDITIONAL_CALL
0040f990	FUN_0040f990	0040ff24	0040e97d	FUN_0040f990	UNCONDITIONAL_JUMP
00446310	<no function>				
00445ee0	<no function>				
004300d0	<no function>				
