entry	name	body_size	caller_count	callee_count	callees	strings	data_globals
00401000	FUN_00401000	22	1	0			00436100
00401020	FUN_00401020	15	9	0			
00401030	FUN_00401030	63	6	3	DestroyIcon; DestroyCursor; FUN_0040d410		004332c4; 004332c8
00401070	FUN_00401070	20	8	0			00436100
00401090	FUN_00401090	11	15	0			
004010a0	FUN_004010a0	55	1	1	FUN_0040d3a0		
004010e0	FUN_004010e0	78	7	2	FUN_0040d3a0; FUN_00408a50		
00401130	FUN_00401130	80	1	3	DestroyIcon; DestroyCursor; FUN_0040d410		004332c4; 004332c8; 00436100
00401180	FUN_00401180	124	0	4	DestroyIcon; DestroyCursor; FUN_0040d410; FUN_0040d3a0		004332c4; 004332c8
00401200	FUN_00401200	400	1	8	FUN_004010e0; CreateFileA; FUN_0040d3a0; WriteFile; CloseHandle; FUN_0040d410; FUN_00406610; DeleteFileA		004331ac; 00437118; 004331a8; 004331b0; 004331a4
00401390	FUN_00401390	137	0	7	FUN_004064c0; FUN_00406d50; FUN_00401020; FUN_00401200; ExtractIconA; DeleteFileA; FUN_00406610		00437268; 004331e0; 004331a4
00401420	FUN_00401420	419	0	4	FUN_004010e0; FUN_0040d3a0; CreateCursor; FUN_0040d410		00433c8c; 00433c90; 00433c8e; 00437268; 004332c0
004015d0	FUN_004015d0	80	3	3	DestroyIcon; DestroyCursor; FUN_0040d410		004332c4; 004332c8
00401630	FUN_00401630	31	0	2	FUN_00401670; FUN_0040d470		
00401650	FUN_00401650	17	2	0			0043708c
00401670	FUN_00401670	44	1	1	FUN_00401030		
004016a0	FUN_004016a0	40	1	2	FUN_00401850; FUN_004010a0		
004016d0	FUN_004016d0	45	1	2	FUN_00401850; FUN_00401090		
00401700	FUN_00401700	68	0	3	FUN_00401850; FUN_00401090; FUN_00401070		
00401750	FUN_00401750	180	1	3	FUN_00401850; FUN_00401090; FUN_00401070		
00401810	FUN_00401810	38	1	2	FUN_004018a0; FUN_004018d0		
00401840	thunk_FUN_00401880	5	3	1	FUN_00401880		
00401850	FUN_00401850	37	18	1	FUN_0040d470		
00401880	FUN_00401880	24	0	1	FUN_0040d470		
004018a0	FUN_004018a0	45	2	1	FUN_0040d470		
004018d0	FUN_004018d0	16	1	0			
004018e0	FUN_004018e0	177	1	1	FUN_004018a0		
004019a0	FUN_004019a0	50	4	0			
004019e0	FUN_004019e0	39	6	1	FUN_00401850		
00401a10	FUN_00401a10	13	18	0			
00401a20	FUN_00401a20	37	1	2	FUN_00401a80; FUN_00401ab0		
00401a50	FUN_00401a50	34	3	1	FUN_0040d470		
00401a80	FUN_00401a80	39	1	1	FUN_0040d470		
00401ab0	FUN_00401ab0	42	1	0			
00401ae0	FUN_00401ae0	39	1	1	FUN_00401a50		
00401b10	FUN_00401b10	58	0	1	FUN_00401a50		
00401b50	FUN_00401b50	160	1	1	FUN_00401a50		
00401c00	FUN_00401c00	37	2	1	FUN_0040d470		
00401c30	FUN_00401c30	31	0	2	FUN_00401c50; FUN_0040d470		
00401c50	FUN_00401c50	18	3	0			
00401c70	FUN_00401c70	72	1	1	FUN_00401c00		00436118; 0043611c; 00436120; 00436124
00401cc0	FUN_00401cc0	124	0	1	FUN_00401c00		00436118; 0043611c; 00436120; 00436124
00401d40	FUN_00401d40	66	1	2	FUN_0040d3a0; FUN_00401070		00436f30
00401d90	FUN_00401d90	16	2	0			00436f30
00401da0	FUN_00401da0	100	1	2	FUN_0040d3a0; FUN_00401070		
00401e10	FUN_00401e10	10	2	0			00436f30
00401e20	FUN_00401e20	114	1	2	FUN_0040d3a0; FUN_00401070		
00401ea0	FUN_00401ea0	56	3	2	FUN_00401030; FUN_0040d410		
00401ee0	FUN_00401ee0	85	1	4	FUN_00401650; FUN_00401020; FUN_004015d0; FUN_00401030		00437228
00401f40	FUN_00401f40	189	0	3	FUN_0040d3a0; FUN_00401070; FUN_004015d0		
00402000	FUN_00402000	162	0	4	FUN_00401030; FUN_0040d410; FUN_0040d3a0; FUN_00401070		
004020b0	FUN_004020b0	73	0	2	FUN_00401030; FUN_0040d410		
00402110	FUN_00402110	31	0	2	FUN_00402130; FUN_0040d470		
00402130	FUN_00402130	44	1	1	FUN_00401ea0		
00402160	FUN_00402160	73	1	3	FUN_00401850; FUN_00401e20; FUN_00401ee0		
004021b0	FUN_004021b0	47	1	2	FUN_00401850; FUN_00401090		
004021e0	FUN_004021e0	68	0	3	FUN_00401850; FUN_00401090; FUN_00401e10		
00402230	FUN_00402230	180	1	3	FUN_00401850; FUN_00401090; FUN_00401e10		
004022f0	FUN_004022f0	22	1	0			00436128
00402310	FUN_00402310	20	2	0			00436128
00402330	FUN_00402330	31	2	1	FUN_0040d410		
00402350	FUN_00402350	48	1	1	FUN_0040d410		00436128
00402380	FUN_00402380	48	0	1	FUN_0040d410		
004023c0	FUN_004023c0	31	0	2	FUN_004023e0; FUN_0040d470		
004023e0	FUN_004023e0	44	1	1	FUN_00402330		
00402410	FUN_00402410	68	0	3	FUN_00401850; FUN_00401090; FUN_00402310		
00402460	FUN_00402460	180	1	3	FUN_00401850; FUN_00401090; FUN_00402310		
00402520	FUN_00402520	31	6	1	FUN_0040d410		
00402540	FUN_00402540	22	2	0			00436138
00402560	FUN_00402560	88	1	1	FUN_0040d3a0		
004025c0	thunk_FUN_00402520	5	8	1	FUN_00402520		
004025d0	FUN_004025d0	20	6	0			00436138
004025f0	FUN_004025f0	143	7	2	FUN_00402700; FUN_0040d3a0		
00402680	FUN_00402680	27	1	1	FUN_00402520		00436138
004026a0	FUN_004026a0	91	3	2	FUN_00402520; FUN_0040d3a0		
00402700	FUN_00402700	83	11	2	FUN_0040d3a0; FUN_00408a50		
00402760	FUN_00402760	205	0	2	FUN_004025f0; FUN_00402700		
00402830	FUN_00402830	60	0	1	FUN_004025f0		
00402870	FUN_00402870	48	0	1	FUN_004025f0		
004028a0	FUN_004028a0	169	2	2	FUN_00402700; FUN_0040d3a0		00437118
00402950	FUN_00402950	750	2	4	FUN_004026a0; FUN_00402700; FUN_0040d3a0; FUN_0040d410		00437150; 00437118
00402c40	FUN_00402c40	1233	1	3	FUN_0040a250; FUN_0040d3a0; FUN_0040d410		004333f0; 004333e8; 004333e0; 004333d8; 004333d0; 004333c8; 004333c0; 004333b8; 004333b0; 004333a8; 004333a0; 00433398; … (+5 more)
00403120	FUN_00403120	1230	1	3	FUN_0040a250; FUN_0040d3a0; FUN_0040d410		004333f0; 004333e8; 004333e0; 004333d8; 004333d0; 004333c8; 004333c0; 004333b8; 004333b0; 004333a8; 004333a0; 00433398; … (+5 more)
004035f0	FUN_004035f0	237	1	4	FUN_0040d3a0; FUN_00402c40; FUN_0040d410; FUN_00403120		
004036e0	FUN_004036e0	420	1	11	FUN_00402700; FUN_0040d3a0; FUN_00402540; FUN_004026a0; FUN_0040a2d0; FUN_0040d410; FUN_00404260; thunk_FUN_00402520; FUN_004028a0; FUN_004035f0; FUN_00402950		
00403890	FUN_00403890	653	0	7	FUN_00402700; FUN_0040d3a0; FUN_004025f0; FUN_0040a250; FUN_0040d410; FUN_004028a0; FUN_00402950		004333f8; 004333e0; 00437118; 00437150; 00433c8d
00403b20	FUN_00403b20	1471	0	9	FUN_00430a3a; FUN_00402700; FUN_00402560; FUN_004025f0; FUN_00404260; thunk_FUN_00402520; FUN_004036e0; FUN_0040a2d0; FUN_0040a250		004333c8; 00433ca0; 00433418; 00433410; 00433380; 00433c98; 004333d8; 00433408; 00433400
004040e0	FUN_004040e0	176	1	1	FUN_0040d3a0		0043724c
00404190	FUN_00404190	102	0	2	FUN_00402700; FUN_004025f0		
00404200	FUN_00404200	80	0	2	FUN_00402700; FUN_004025f0		
00404250	FUN_00404250	3	1	0			
00404260	FUN_00404260	27	2	1	FUN_00402520		
00404280	FUN_00404280	25	1	1	FUN_00402520		
004042a0	FUN_004042a0	97	0	3	FUN_004010e0; FUN_00402520; FUN_0040d3a0		
00404310	FUN_00404310	260	0	3	FUN_00402520; FUN_0040d3a0; FUN_004010e0		
00404430	FUN_00404430	31	0	2	FUN_00404450; FUN_0040d470		
00404450	FUN_00404450	44	1	1	thunk_FUN_00402520		
00404480	FUN_00404480	68	0	3	FUN_00401850; FUN_00401090; FUN_004025d0		
004044d0	FUN_004044d0	180	1	3	FUN_00401850; FUN_00401090; FUN_004025d0		
00404590	FUN_00404590	37	3	1	FUN_0040d470		
004045c0	FUN_004045c0	45	1	1	FUN_0040d470		
004045f0	FUN_004045f0	18	1	0			004333c8
00404610	FUN_00404610	143	1	1	FUN_004045c0		
004046a0	FUN_004046a0	41	1	1	FUN_00404590		
004046d0	FUN_004046d0	77	0	1	FUN_00404590		
00404720	FUN_00404720	214	1	1	FUN_00404590		
00404800	FUN_00404800	22	3	0			00436158
00404820	FUN_00404820	19	3	0			00436158
00404840	FUN_00404840	57	12	1	FUN_0040d410		
00404880	FUN_00404880	89	5	1	FUN_0040d3a0		
004048e0	FUN_004048e0	161	1	1	FUN_0040d3a0		
00404990	FUN_00404990	22	4	2	FUN_00404840; FUN_00401090		00436158
004049b0	FUN_004049b0	24	1	2	FUN_00404840; FUN_00404880		
004049d0	FUN_004049d0	46	1	2	FUN_004048e0; FUN_0040d470		
00404aa0	FUN_00404aa0	136	2	3	FUN_00404d90; FUN_00404880; FUN_00404840		
00404b30	FUN_00404b30	190	2	3	FUN_00404d90; FUN_00404880; FUN_00404840		
00404ce0	FUN_00404ce0	174	1	3	FUN_00404d90; FUN_00404880; FUN_00404840		
00404d90	FUN_00404d90	536	7	9	acmFormatSuggest; acmStreamOpen; acmStreamSize; FUN_0040d3a0; acmStreamPrepareHeader; acmStreamConvert; acmStreamUnprepareHeader; acmStreamClose; FUN_0040d410		
00404fb0	FUN_00404fb0	98	2	2	FUN_00404d90; FUN_00405020		
00405020	FUN_00405020	1185	1	6	FUN_00404d90; FUN_00404ce0; FUN_0040a250; FUN_00404880; FUN_0040a2d0; FUN_00404840		004333c8; 004333e0; 00433428; 00433420
004054d0	FUN_004054d0	314	0	6	FUN_00404d90; FUN_00404aa0; FUN_00404b30; FUN_00404fb0; FUN_004049d0; FUN_00404840		
00405610	FUN_00405610	307	0	2	FUN_0040a250; FUN_004049b0		004333c8; 00433450; 004333e0; 00433448; 00433440; 00433c98; 00433438; 00433430
00405750	FUN_00405750	74	1	1	FUN_0040d410		
004057b0	FUN_004057b0	31	0	2	FUN_004057d0; FUN_0040d470		
004057d0	FUN_004057d0	44	2	1	FUN_00404840		
00405800	FUN_00405800	68	0	3	FUN_00401850; FUN_00401090; FUN_00404820		
00405850	FUN_00405850	180	1	3	FUN_00401850; FUN_00401090; FUN_00404820		
00405910	FUN_00405910	134	1	2	FUN_0040d3a0; FUN_004025d0		00436f3c
004059a0	FUN_004059a0	101	1	0			00436f3c
00405a10	FUN_00405a10	259	1	2	FUN_0040d3a0; FUN_004025d0		
00405b20	FUN_00405b20	98	3	0			00436f3c
00405b90	FUN_00405b90	99	3	0			
00405c00	FUN_00405c00	56	2	2	thunk_FUN_00402520; FUN_0040d410		
00405c40	FUN_00405c40	176	1	4	thunk_FUN_00402520; FUN_0040d410; FUN_0040d3a0; FUN_004025d0		
00405cf0	FUN_00405cf0	30	1	1	FUN_00402700		
00405d10	FUN_00405d10	65	1	2	thunk_FUN_00402520; FUN_0040d410		00436f3c
00405d60	FUN_00405d60	804	1	8	FUN_004181b0; FUN_0040d3a0; FUN_00409da0; FUN_0040d410; FUN_00405c40; FUN_00408a50; FUN_004026a0; FUN_004040e0		004377a8; 004333c8; 00433458; 00437118; 00437798
00406090	FUN_00406090	398	0	5	FUN_0040d3a0; FUN_00402700; FUN_00408710; FUN_0040d410; FUN_00417fb0		00437118
00406220	FUN_00406220	73	1	2	thunk_FUN_00402520; FUN_0040d410		
00406280	FUN_00406280	43	4	1	FUN_0040d470		
004062b0	FUN_004062b0	31	0	2	FUN_004062d0; FUN_0040d470		
004062d0	FUN_004062d0	50	1	1	FUN_00405c00		
00406310	FUN_00406310	46	1	2	FUN_00406280; FUN_00405b20		
00406340	FUN_00406340	53	1	2	FUN_00406280; FUN_00405b90		
00406380	FUN_00406380	86	0	3	FUN_00406280; FUN_00405b90; FUN_00405b20		
004063e0	FUN_004063e0	214	1	3	FUN_00406280; FUN_00405b90; FUN_00405b20		
004064c0	FUN_004064c0	22	34	0			00436178
004064e0	FUN_004064e0	72	1	2	FUN_00406ad0; FUN_0040d3a0		
00406530	FUN_00406530	104	18	2	lstrlenA; FUN_0040d3a0		004331b8
004065a0	FUN_004065a0	112	1	3	lstrlenW; FUN_0040d3a0; WideCharToMultiByte		00433184; 00437260; 004331a0
00406610	FUN_00406610	17	25	1	FUN_0040d410		
00406630	FUN_00406630	20	6	0			00436178
00406650	FUN_00406650	102	5	2	lstrlenA; FUN_0040d3a0		004331b8
004066c0	FUN_004066c0	110	0	3	lstrlenW; FUN_0040d3a0; WideCharToMultiByte		00433184; 00437260; 004331a0
00406730	FUN_00406730	33	0	0			
00406760	FUN_00406760	36	1	1	MultiByteToWideChar		00437260; 0043317c
00406790	FUN_00406790	51	0	2	FUN_00406db0; FUN_0040d470		
004067d0	FUN_004067d0	134	0	1	FUN_00406860		
00406860	FUN_00406860	42	6	0			
00406890	FUN_00406890	26	3	0			
004068b0	FUN_004068b0	58	1	0			
004068f0	FUN_004068f0	92	2	1	FUN_00406bb0		
00406950	FUN_00406950	371	1	2	FUN_00401020; FUN_00406bb0		00437078
00406ad0	FUN_00406ad0	38	17	1	FUN_0040d410		00436178
00406b00	FUN_00406b00	22	0	2	FUN_00406db0; CharUpperA		004332bc
00406b20	FUN_00406b20	22	1	2	FUN_00406db0; CharLowerA		004332b8
00406b40	FUN_00406b40	48	3	1	FUN_00406530		
00406b70	FUN_00406b70	51	1	1	FUN_00406530		
00406bb0	FUN_00406bb0	72	5	1	FUN_00406530		
00406c00	FUN_00406c00	110	10	1	FUN_00406db0		
00406c70	FUN_00406c70	76	5	1	FUN_00406db0		
00406cc0	FUN_00406cc0	47	5	1	FUN_00406db0		
00406d00	FUN_00406d00	13	0	1	FUN_004064e0		00436f40
00406d10	FUN_00406d10	12	0	1	FUN_0040d9b0		
00406d30	FUN_00406d30	17	1	0			
00406d50	FUN_00406d50	88	2	5	FUN_0040d3a0; GetTempPathA; GetTempFileNameA; FUN_00407cf0; FUN_0040d410		00433190; 00436188; 00433194
00406db0	FUN_00406db0	109	11	1	FUN_0040d3a0		
00406e20	FUN_00406e20	15	0	0			
00406e30	FUN_00406e30	95	1	4	FUN_0040d410; GetWindowTextLengthA; FUN_0040d3a0; GetWindowTextA		004332b0; 004332b4
00406e90	FUN_00406e90	14	2	1	SetWindowTextA		004332ac
00406ea0	FUN_00406ea0	125	0	6	GetDlgItem; FUN_0040d410; GetWindowTextLengthA; FUN_0040d3a0; GetWindowTextA; FUN_00406ad0		004332a8; 004332b0; 004332b4
00406f20	FUN_00406f20	36	0	2	GetDlgItem; SetWindowTextA		004332a8; 004332ac
00406f50	FUN_00406f50	149	0	3	GetCurrentDirectoryA; FUN_0040d410; FUN_0040d3a0		0043318c
00406ff0	FUN_00406ff0	87	0	1	FUN_00406c00		
004070d0	FUN_004070d0	172	1	2	FUN_0040d410; FUN_0040d3a0		
00407180	FUN_00407180	124	1	0			
00407200	FUN_00407200	126	8	2	FUN_00406db0; FUN_0040d470		
00407280	FUN_00407280	78	3	1	FUN_00407200		
004072d0	FUN_004072d0	31	4	1	FUN_00407200		
004072f0	FUN_004072f0	97	1	2	FUN_00406db0; FUN_0040d470		
00407360	FUN_00407360	48	0	3	FUN_004065a0; FUN_004072f0; FUN_00406610		
00407390	FUN_00407390	96	1	2	FUN_0040d410; FUN_0040d3a0		
004073f0	FUN_004073f0	1329	0	3	FUN_0040d410; FUN_0040d3a0; FUN_0040d9c0		004333c8; 004333e0; 00433520; 00433518; 00433510; 00433508; 00433500; 004334f8; 004334f0; 004334e8; 004334e0; 004334d8; … (+19 more)
00407930	FUN_00407930	909	2	0			004333c8; 004333e0; 00433528; 004334a8; 00433518; 00433508; 004334f8; 004334e8; 004334d8; 004334c8; 00433380; 004334b0; … (+9 more)
00407cc0	FUN_00407cc0	36	16	1	FUN_0040d410		
00407cf0	FUN_00407cf0	106	5	3	lstrlenA; FUN_0040d410; FUN_0040d3a0		004331b8
00407d60	FUN_00407d60	82	2	3	FUN_00406ad0; FUN_0040d410; FUN_0040d3a0		
00407dc0	FUN_00407dc0	102	2	2	FUN_00406db0; FUN_0040d470		
00407e30	FUN_00407e30	111	1	3	lstrlenA; FUN_00406db0; FUN_0040d470		004331b8
00407ea0	FUN_00407ea0	67	8	2	FUN_00406db0; FUN_0040d470		
00407ef0	FUN_00407ef0	135	1	1	FUN_0040d3a0		
00407f80	FUN_00407f80	149	2	2	lstrlenA; FUN_0040d3a0		004331b8
00408020	FUN_00408020	104	0	1	FUN_0040d3a0		
00408090	FUN_00408090	98	0	1	FUN_0040d3a0		
00408100	FUN_00408100	40	1	0			
00408130	FUN_00408130	50	1	1	lstrlenA		004331b8
00408170	FUN_00408170	22	1	0			
00408190	FUN_00408190	38	2	0			
004081c0	FUN_004081c0	46	0	1	CompareStringA		00433188
004081f0	thunk_FUN_00408200	5	0	1	FUN_00408200		
00408200	FUN_00408200	31	0	2	FUN_00408260; FUN_0040d470		
00408220	FUN_00408220	17	2	0			00437078
00408240	FUN_00408240	24	0	1	FUN_00407cc0		
00408260	FUN_00408260	44	1	1	FUN_00406610		
00408290	FUN_00408290	40	0	2	FUN_00401850; FUN_00406630		
004082c0	FUN_004082c0	68	1	3	FUN_00401850; FUN_00401090; FUN_00406630		
00408310	FUN_00408310	180	1	3	FUN_00401850; FUN_00401090; FUN_00406630		
004083d0	FUN_004083d0	127	1	1	FUN_0040d470		
00408450	FUN_00408450	23	1	0			
00408480	FUN_00408480	64	0	2	FUN_004084c0; FUN_0040d470		
004084c0	FUN_004084c0	235	2	6	FUN_00406610; FUN_00401030; thunk_FUN_00402520; FUN_0040d410; DeleteObject; FUN_004160d0		004375c0; 00437450; 0043301c
004085b0	FUN_004085b0	153	3	4	FUN_004083d0; FUN_00406630; FUN_00401070; FUN_004025d0		
00408650	FUN_00408650	61	2	0			00436fc4; 00436f48; 00436f5c; 00436f60; 00436f61
00408690	FUN_00408690	55	2	1	FUN_00408650		00436f54; 00436f5c
004086d0	FUN_004086d0	58	1	1	FUN_00408690		00436fc8; 00436fc4; 00436f5c; 00436f50
00408710	FUN_00408710	726	1	3	FUN_004086d0; FUN_00408690; FUN_00408650		00436f4c; 00436f48; 00436f44; 00436fc8; 00436f50; 00436f54; 00436fc4; 00436f5c
004089f0	FUN_004089f0	84	1	0			00436fc0; 00436fc8
00408a50	FUN_00408a50	450	3	1	FUN_004089f0		00436f4c; 00436f48; 00436f44; 00436fc8; 00436f50; 00436fc0
00408c20	FUN_00408c20	62	0	4	GetDC; SelectPalette; RealizePalette; ReleaseDC		004332a0; 00433024; 00437274; 00433020; 004332a4
00408ca0	FUN_00408ca0	10	0	1	FUN_004064c0		0043706c
00408cb0	FUN_00408cb0	12	0	1	FUN_0040d9b0		
00408ce0	FUN_00408ce0	10	0	1	FUN_004064c0		0043711c
00408cf0	FUN_00408cf0	12	0	1	FUN_0040d9b0		
00408d20	FUN_00408d20	10	0	1	FUN_004064c0		00437078
00408d30	FUN_00408d30	12	0	1	FUN_0040d9b0		
00408d60	FUN_00408d60	10	0	1	FUN_00401000		0043708c
00408d70	FUN_00408d70	12	0	1	FUN_0040d9b0		
00408da0	FUN_00408da0	10	0	1	FUN_00401d90		004371c0
00408db0	FUN_00408db0	12	0	1	FUN_0040d9b0		
00408de0	FUN_00408de0	10	0	1	FUN_00402540		004371d8
00408df0	FUN_00408df0	12	0	1	FUN_0040d9b0		
00408e20	FUN_00408e20	10	0	1	FUN_004059a0		00437090
00408e30	FUN_00408e30	12	0	1	FUN_0040d9b0		
00408e60	FUN_00408e60	10	0	1	FUN_00404800		00437158
00408e70	FUN_00408e70	12	0	1	FUN_0040d9b0		
00408ea0	FUN_00408ea0	10	0	1	FUN_004022f0		0043721c
00408eb0	FUN_00408eb0	12	0	1	FUN_0040d9b0		
00408ee0	FUN_00408ee0	10	0	1	FUN_00401a10		00437130
00408ef0	FUN_00408ef0	12	0	1	FUN_0040d9b0		
00408f20	FUN_00408f20	10	0	1	FUN_00401a10		004371e0
00408f30	FUN_00408f30	12	0	1	FUN_0040d9b0		
00408f60	FUN_00408f60	10	0	1	FUN_00401a10		004371c8
00408f70	FUN_00408f70	12	0	1	FUN_0040d9b0		
00408fa0	FUN_00408fa0	10	0	1	FUN_00401a10		00437228
00408fb0	FUN_00408fb0	12	0	1	FUN_0040d9b0		
00408fe0	FUN_00408fe0	10	0	1	FUN_00401a10		004371f0
00408ff0	FUN_00408ff0	12	0	1	FUN_0040d9b0		
00409020	FUN_00409020	10	0	1	FUN_00401a10		00437210
00409030	FUN_00409030	12	0	1	FUN_0040d9b0		
00409060	FUN_00409060	10	0	1	FUN_00401a10		00437080
00409070	FUN_00409070	12	0	1	FUN_0040d9b0		
004090a0	FUN_004090a0	10	0	1	FUN_00401a10		00437200
004090b0	FUN_004090b0	12	0	1	FUN_0040d9b0		
004090e0	FUN_004090e0	10	0	1	FUN_00401a10		00437120
004090f0	FUN_004090f0	12	0	1	FUN_0040d9b0		
00409120	FUN_00409120	10	0	1	FUN_00401a10		00437108
00409130	FUN_00409130	12	0	1	FUN_0040d9b0		
00409160	FUN_00409160	10	0	1	FUN_00408450		00437238
00409170	FUN_00409170	12	0	1	FUN_0040d9b0		
00409190	FUN_00409190	37	1	0			
004091c0	FUN_004091c0	115	1	0			004361a4; 004361b8; 004361a8; 004361c0; 004361bc; 004361ac; 00437260; 004361b0; 0043725c
00409240	FUN_00409240	1	4	0			
00409250	FUN_00409250	91	1	4	GetSystemMetrics; GetDC; GetDeviceCaps; ReleaseDC		0043329c; 00436fd0; 00437070; 004370fc; 00437250; 00437308; 004332a0; 00433028; 00437220; 004332a4
004092b0	FUN_004092b0	15	3	1	FUN_00409250		004372ea
004092c0	entry	1788	0	34	GetVersion; GetVersionExA; GetModuleHandleA; GetACP; RegOpenKeyExA; RegQueryValueExA; RegCloseKey; GetUserDefaultLangID; FUN_004091c0; LoadLibraryA; GetProcAddress; GetForegroundWindow; … (+22 more)	"Software\\\\Gemtree Software\\\\Peter"; "Language"; "KERNEL32.DLL"; "GetDiskFreeSpaceExA"; "LOADER"	00433098; 00436fd8; 00437154; 00433094; 00433090; 00437268; 004330e8; 004361a0; 004361ac; 0043625c; 00436260; 004364b8; … (+59 more)
004099e0	FUN_004099e0	66	2	5	DeleteObject; FreeLibrary; FUN_0040d340; SetForegroundWindow; ExitProcess		00437274; 0043301c; 0043726c; 0043315c; 00436768; 00437280; 00433294; 0043309c
00409a30	FUN_00409a30	152	0	3	SystemParametersInfoA; GetWindowRect; SetWindowPos		00433288; 0043328c; 00433290
00409ad0	FUN_00409ad0	30	2	0			
00409af0	FUN_00409af0	677	0	16	FUN_00406c70; FUN_00406610; CreateProcessA; SetCurrentDirectoryA; FUN_00406c00; FUN_00406cc0; FUN_0040d3a0; GetWindowsDirectoryA; FUN_00406530; FUN_00407f80; FUN_00407ef0; FUN_00407cc0; … (+4 more)	"\\\\system32\\\\cmd.exe /c"; "\\\\command.com /c"	004330b0; 004330ac; 00437798; 004330a8; 00437154; 004330a4; 004330a0; 004331b0
00409da0	FUN_00409da0	175	1	0			00437118; 0043724c; 00437150
00409e50	FUN_00409e50	958	1	0			
0040a210	FUN_0040a210	62	0	0			0043714c; 00433d38
0040a250	FUN_0040a250	17	29	0			
0040a270	FUN_0040a270	41	0	0			
0040a2a0	FUN_0040a2a0	44	1	0			
0040a2d0	FUN_0040a2d0	44	4	0			
0040a300	FUN_0040a300	160	1	6	FUN_00406c70; FUN_00406cc0; FUN_00406c00; CreateDirectoryA; FUN_00406610; GetFileAttributesA		004330b4; 0043316c
0040a3a0	FUN_0040a3a0	489	0	14	FUN_00401020; FUN_0040a300; FUN_00406610; FUN_00406c70; FUN_00406cc0; FUN_00406c00; FUN_004064c0; FUN_00406890; FUN_00407ea0; FUN_00406bb0; FUN_00407cc0; FUN_00406860; … (+2 more)		
0040a5a0	FUN_0040a5a0	10	0	1	FUN_004064c0		004372e0
0040a5b0	FUN_0040a5b0	12	0	1	FUN_0040d9b0		
0040a5e0	FUN_0040a5e0	10	0	1	FUN_004064c0		004372d8
0040a5f0	FUN_0040a5f0	12	0	1	FUN_0040d9b0		
0040a610	FUN_0040a610	315	3	3	FUN_0040a2a0; AdjustWindowRectEx; GetWindowRect		004371f0; 004368d0; 004370fc; 00437250; 00436778; 0043677c; 0043330c; 00437314; 00437310; 00433288; 00437290; 004372a8
0040a750	FUN_0040a750	55	3	3	FUN_00418a80; ShowWindow; SetFocus		0043730c; 00437238; 00437308; 00433308; 0043327c
0040a790	FUN_0040a790	696	1	13	FUN_00408220; FUN_00407cc0; GetSysColor; CreateSolidBrush; LoadCursorA; RegisterClassA; FUN_0040a610; CreateWindowExA; FUN_004092b0; FUN_004085b0; SetWindowLongA; CreateStatusWindowA; … (+1 more)	"PeterProgClass"	00437398; 004373ac; 004371e0; 004372e0; 00433264; 004373b0; 00433030; 004375c4; 004375c0; 0043763c; 00437434; 00437450; … (+21 more)
0040aa50	FUN_0040aa50	147	1	0			
0040aaf0	FUN_0040aaf0	285	1	3	FUN_0040d3a0; EnumDisplaySettingsA; FUN_0040aa50		004372f8; 004372f4; 004372f0; 00433260
0040ac10	FUN_0040ac10	254	1	0			004372f0; 004371f0; 004372f4
0040ad10	FUN_0040ad10	283	2	10	ShowCursor; ChangeDisplaySettingsA; SetWindowLongA; FUN_004092b0; FUN_0040a610; SetWindowPos; ShowWindow; FUN_0040b090; FUN_00418a80; FUN_00418c50		004372e8; 00433300; 004372ea; 00433310; 00436778; 00437308; 00433278; 00437739; 0043677c; 00437634; 004372ec; 00437314; … (+3 more)
0040ae30	FUN_0040ae30	557	1	13	FUN_0040ad10; ShowCursor; FUN_0040a750; FUN_0040b230; IsZoomed; SetWindowLongA; FUN_0040aaf0; FUN_00418c50; FUN_0040ac10; ChangeDisplaySettingsA; SetWindowPos; FUN_0040b090; … (+1 more)		004372ea; 00433300; 00437739; 00437308; 004332f0; 004372ec; 00433278; 00437304; 00437300; 004372fc; 004372e8; 004372f4; … (+12 more)
0040b060	FUN_0040b060	5	1	1	FUN_0040ae30		
0040b070	FUN_0040b070	29	2	2	FUN_0040b060; FUN_0040ad10		004372ea
0040b090	FUN_0040b090	351	8	3	GetWindowRect; IsZoomed; GetClientRect		00433288; 00437238; 004372ea; 00436fd0; 00437070; 0043731c; 00437320; 00437308; 004332f0; 00437290; 004372a8; 00437298; … (+6 more)
0040b1f0	FUN_0040b1f0	60	1	3	FUN_00408190; FUN_00407cc0; FUN_00406e90		004372d8; 00437310
0040b230	FUN_0040b230	240	2	4	GetWindowRect; MoveWindow; ShowWindow; FUN_00418a80		00437314; 00437308; 00433288; 00437310; 004332f4; 00433308; 00437238
0040b320	FUN_0040b320	25	2	1	SetConsoleTitleA		004377e8; 004372e0; 004330b8
0040b340	FUN_0040b340	84	1	4	FUN_00408190; FUN_00407cc0; FUN_00406e90; FUN_0040b320		004372e0; 00437308; 00437238
0040b3a0	FUN_0040b3a0	211	1	0			
0040b4f0	FUN_0040b4f0	1084	1	6	ScreenToClient; FUN_0040b070; FUN_0040b3a0; GetKeyState; GetAsyncKeyState; ClientToScreen		00437325; 00437328; 00436794; 0043679c; 004377ec; 00436790; 00436798; 00437238; 004332e0; 0043732b; 00437780; 004373c8; … (+28 more)
0040ba30	FUN_0040ba30	1568	1	11	GetAsyncKeyState; FUN_004166c0; FUN_004167c0; FUN_004168f0; FUN_00416ad0; SendMessageA; SetFocus; FUN_0040d3a0; RegisterWindowMessageA; FindTextA; lstrlenA	"commdlg_FindReplace"	004377ea; 0043723c; 00437244; 00437238; 004377f0; 004332e8; 004332d8; 004377ec; 0043327c; 00437338; 00437330; 0043733c; … (+12 more)
0040c150	FUN_0040c150	113	1	4	FUN_0040b4f0; GetClassNameA; FUN_00408130; FUN_0040ba30		004377eb; 004377ec; 00433284; 00437424
0040c1d0	FUN_0040c1d0	100	0	3	IsWindow; GetWindow; GetWindowLongA		00437308; 004332cc; 004332d0; 004332d4; 00437280
0040d2f0	FUN_0040d2f0	76	1	3	HeapCreate; HeapAlloc; FUN_0040d870		00437344; 004330c0; 004330bc; 00437340; 00437348
0040d340	FUN_0040d340	34	1	1	HeapDestroy		00437344; 00437348; 004330c4
0040d370	FUN_0040d370	44	2	2	MessageBoxA; FUN_004099e0	"Insufficient Memory"; "Sorry, this program will be terminated due to the insufficient memory!"	004361a4; 00436270; 00436274; 004331f4
0040d3a0	FUN_0040d3a0	102	69	3	FUN_0040d610; HeapAlloc; FUN_0040d370		004367c8; 004367c0; 004367d4; 004367e0; 004367cc; 004367d8; 00437344; 004330bc
0040d410	FUN_0040d410	86	53	2	HeapFree; FUN_0040d670		00437340; 00437344; 004330c8
0040d470	FUN_0040d470	409	29	6	FUN_0040d3a0; FUN_0040d410; HeapSize; FUN_0040d370; HeapFree; HeapReAlloc		00437340; 00437344; 004330d0; 004330c8; 004330cc
0040d610	FUN_0040d610	88	1	1	FUN_0040d6d0		
0040d670	FUN_0040d670	82	1	1	FUN_0040d7a0		
0040d6d0	FUN_0040d6d0	197	1	2	FUN_0040d870; VirtualAlloc		00437350; 004330d4; 0043734c
0040d7a0	FUN_0040d7a0	198	1	2	VirtualFree; FUN_0040d940		004330d8; 00437350; 0043734c
0040d870	FUN_0040d870	202	2	2	VirtualAlloc; VirtualFree		004367b8; 004330d4; 00437340; 004330d8; 0043734c; 00437350
0040d940	FUN_0040d940	109	1	1	VirtualFree		0043734c; 00437350; 00437340; 004330d8
0040d9b0	FUN_0040d9b0	12	60	0			
0040d9c0	FUN_0040d9c0	41	7	0			
0040d9f0	FUN_0040d9f0	369	7	5	FUN_0040e421; FUN_00401a10; FUN_004019e0; FUN_00401c50; thunk_FUN_00401880		0043739c; 004373a0; 004376d8; 004376d4
0040db61	FUN_0040db61	703	10	3	FUN_0040e421; FUN_0040de20; FUN_0040e434		0043739c; 00437394; 004373a8; 0043738c; 004373a4; 00437398; 004373ac; 00437390; 00437108; 004373a0
0040de20	FUN_0040de20	1288	0	12	FUN_0040db61; FUN_00411a9c; FUN_0040e421; FUN_0040e434; FUN_00411c82; FUN_00413c2f; FUN_00410c54; FUN_004134b2; FUN_00413e14; FUN_0041392a; FUN_004117c0; FUN_00414426		004373a0; 004373a8; 0043736c; 00437370; 00437378; 00437368; 00437360; 0043737c; 00437374; 00437364; 00437384; 00437380; … (+1 more)
0040e328	FUN_0040e328	232	1	2	FUN_0040d9f0; FUN_0040db61		004373a4; 004373a0; 004376d8; 004376d0; 004376d4
0040e410	FUN_0040e410	17	19	1	FUN_0040e434		
0040e421	FUN_0040e421	19	13	1	FUN_0040e434		
0040e434	FUN_0040e434	96	22	1	FUN_0040d470		004376dc; 004376d8; 004376d4
0040e494	FUN_0040e494	1104	0	16	FUN_0040e421; FUN_00411d37; FUN_00410d31; FUN_00410a52; FUN_004118c0; FUN_00413d0c; FUN_00411b79; FUN_00413593; FUN_00413a07; FUN_00413e87; FUN_00401a10; FUN_004019e0; … (+4 more)		0043739c; 004373a0; 004376d8; 004376d4
0040f990	FUN_0040f990	61	0	1	FUN_00413525		
004109bd	FUN_004109bd	149	1	2	FUN_0040d9f0; FUN_0040e410		0043739c; 004376d8; 004373a0; 004376d4
00410a52	FUN_00410a52	514	3	6	FUN_0040db61; FUN_0040e421; FUN_0040e434; FUN_0040e410; FUN_00411b0f; FUN_00413525		004373a4; 0043739c; 00437398; 00437390; 0043722c; 00437394; 0043738c; 00437368; 00437384
00410c54	FUN_00410c54	21	2	1	FUN_00410c80		
00410c69	FUN_00410c69	23	0	1	FUN_00410c80		
00410c80	FUN_00410c80	71	2	2	FUN_0040e434; FUN_00410a52		004373a0; 004376d8
00410cc7	FUN_00410cc7	106	0	2	FUN_00410a52; FUN_0040e410		0043739c; 004373a0
00410d31	FUN_00410d31	2593	3	13	FUN_0040d9f0; FUN_004117c0; FUN_0040db61; FUN_0040e421; FUN_0040e434; FUN_00413c2f; FUN_0040e410; FUN_00413525; FUN_00414426; FUN_00411b0f; FUN_004134b2; FUN_00411cf5; … (+1 more)		004373a4; 0043739c; 00437398; 00437390; 004371cc; 00437394; 0043738c; 00437364; 00437384; 00437084; 0043737c; 00433d40
004117c0	FUN_004117c0	21	2	1	FUN_004117ec		
004117d5	FUN_004117d5	23	0	1	FUN_004117ec		
004117ec	FUN_004117ec	71	2	2	FUN_0040e434; FUN_00410d31		004373a0; 004376d8
00411833	FUN_00411833	119	1	2	FUN_00410d31; FUN_0040e410		0043739c; 004373a0
004118c0	FUN_004118c0	476	3	6	FUN_0040e410; FUN_00413525; FUN_00411b0f; FUN_0040e421; FUN_0040e434; FUN_0040db61		004373a4; 0043739c; 00433d40; 00437398; 00437390; 004371f4; 00437394; 0043738c; 0043736c; 00437384
00411a9c	FUN_00411a9c	21	3	1	FUN_00411ac8		
00411ab1	FUN_00411ab1	23	0	1	FUN_00411ac8		
00411ac8	FUN_00411ac8	71	2	2	FUN_0040e434; FUN_004118c0		004373a0; 004376d8
00411b0f	FUN_00411b0f	106	4	2	FUN_004118c0; FUN_0040e410		0043739c; 004373a0
00411b79	FUN_00411b79	265	2	4	FUN_0040e410; FUN_0040db61; FUN_0040e421; FUN_0040e434		004373a4; 0043739c; 00437398; 00437390; 00437124; 00437394; 0043738c; 00437370; 00437384
00411c82	FUN_00411c82	21	1	1	FUN_00411cae		
00411c97	FUN_00411c97	23	0	1	FUN_00411cae		
00411cae	FUN_00411cae	71	2	2	FUN_0040e434; FUN_00411b79		004373a0; 004376d8
00411cf5	FUN_00411cf5	29	3	1	FUN_0040e410		004376d4
00411d12	FUN_00411d12	37	1	1	FUN_0040e410		00437388; 004376d4
00411d37	FUN_00411d37	4154	3	17	FUN_00414640; FUN_00411cf5; FUN_00411d12; FUN_0040d9f0; FUN_0040e421; FUN_0040e434; FUN_0040db61; FUN_004134b2; FUN_0040e410; FUN_00414499; FUN_004010e0; FUN_00413525; … (+5 more)		004373a4; 0043739c; 004373a0; 00437398; 00437390; 00437134; 00437394; 0043738c; 00437360; 00437384; 00433c98; 00433cc0; … (+22 more)
004134b2	FUN_004134b2	21	4	1	FUN_004134de		
004134c7	FUN_004134c7	23	0	1	FUN_004134de		
004134de	FUN_004134de	71	2	2	FUN_0040e434; FUN_00411d37		004373a0; 004376d8
00413525	FUN_00413525	110	8	2	FUN_00411d37; FUN_00411cf5		0043739c; 004373a0
00413593	FUN_00413593	919	3	10	FUN_0040e410; FUN_0041399d; FUN_00413525; FUN_0041392a; FUN_0040e421; FUN_0040e434; FUN_0040db61; FUN_00410c54; FUN_00411a9c; FUN_00411833		004373a4; 0043739c; 00433d40; 00437398; 00437390; 00437214; 00437394; 0043738c; 00437374; 00437384; 00433d48
0041392a	FUN_0041392a	21	4	1	FUN_00413956		
0041393f	FUN_0041393f	23	0	1	FUN_00413956		
00413956	FUN_00413956	71	2	2	FUN_0040e434; FUN_00413593		004373a0; 004376d8
0041399d	FUN_0041399d	106	1	2	FUN_00413593; FUN_0040e410		0043739c; 004373a0
00413a07	FUN_00413a07	552	3	8	FUN_0040e410; FUN_0040db61; FUN_0040e421; FUN_0040e434; FUN_00413525; FUN_00413ca2; FUN_0040d9f0; FUN_00413c2f		004373a4; 0043739c; 00437398; 00437390; 00437204; 00437394; 0043738c; 00437378; 00437384; 004333f8
00413c2f	FUN_00413c2f	21	4	1	FUN_00413c5b		
00413c44	FUN_00413c44	23	0	1	FUN_00413c5b		
00413c5b	FUN_00413c5b	71	2	2	FUN_0040e434; FUN_00413a07		004373a0; 004376d8
00413ca2	FUN_00413ca2	106	1	2	FUN_00413a07; FUN_0040e410		0043739c; 004373a0
00413d0c	FUN_00413d0c	264	2	4	FUN_0040e410; FUN_0040e421; FUN_0040e434; FUN_0040db61		004373a4; 0043739c; 00437398; 00437390; 00437084; 00437394; 0043738c; 0043737c; 00437384
00413e14	FUN_00413e14	21	1	1	FUN_00413e40		
00413e29	FUN_00413e29	23	0	1	FUN_00413e40		
00413e40	FUN_00413e40	71	2	2	FUN_0040e434; FUN_00413d0c		004373a0; 004376d8
00413e87	FUN_00413e87	1377	3	10	FUN_004082c0; FUN_0040e421; FUN_0040e434; FUN_0040db61; FUN_0040e410; FUN_0040d9f0; FUN_00413525; FUN_00414426; FUN_00414499; FUN_004134b2		004373a4; 0043739c; 004371e0; 00437398; 00437390; 004371e4; 00437394; 0043738c; 00437380; 00437384; 00433d58
00414426	FUN_00414426	21	4	1	FUN_00414452		
0041443b	FUN_0041443b	23	0	1	FUN_00414452		
00414452	FUN_00414452	71	2	2	FUN_0040e434; FUN_00413e87		004373a0; 004376d8
00414499	FUN_00414499	106	2	2	FUN_00413e87; FUN_0040e410		0043739c; 004373a0
00414510	FUN_00414510	35	1	0			00437254
00414540	FUN_00414540	256	1	3	FUN_00401810; FUN_00401a20; thunk_FUN_00401880		
00414640	FUN_00414640	226	2	7	FUN_004064c0; FUN_00407ea0; FUN_00408220; FUN_00407cc0; FUN_00408170; FUN_00407930; FUN_00406610		004371e0
00414770	FUN_00414770	779	1	14	FUN_00401c70; FUN_00414640; FUN_0040d9c0; FUN_004045f0; FUN_0040a250; FUN_00404720; FUN_00408310; FUN_00401b50; FUN_00401750; FUN_00402230; FUN_004044d0; FUN_004063e0; … (+2 more)		00437108; 004333e0; 00433d70; 004333d8; 00437130; 004333c8; 004371e0; 004371c8; 00437228; 004371f0; 00437210; 00437080; … (+2 more)
00414b90	FUN_00414b90	424	1	0			00437394; 0043738c; 004373a8; 00437108
00414e30	FUN_00414e30	124	1	0			
00414eb0	FUN_00414eb0	275	1	6	FUN_004064c0; FUN_00406610; FUN_0040d3a0; FUN_00406650; FUN_0040d410; FUN_00401020		004361a4; 00437174; 0043725c; 00437160; 00437164; 004371c0; 00437284; 00437264
00414fd0	FUN_00414fd0	1478	1	23	FUN_00414510; FUN_004046a0; FUN_00414eb0; FUN_004021b0; FUN_00406610; FUN_00401ae0; FUN_0040d3a0; FUN_004016d0; FUN_004016a0; FUN_00401da0; FUN_00401650; FUN_004015d0; … (+11 more)	"Gemtree 32-compiler"	00437254; 00437130; 004361b8; 004361d8; 004364b8; 004361c4; 00437160; 004361e4; 00437164; 00437264; 004371e0; 004371c8; … (+21 more)
004155b0	FUN_004155b0	10	0	1	FUN_004064c0		004373c4
004155c0	FUN_004155c0	12	0	1	FUN_0040d9b0		
004155f0	FUN_004155f0	10	0	1	FUN_004064c0		00437634
00415600	FUN_00415600	12	0	1	FUN_0040d9b0		
00415630	FUN_00415630	10	0	1	FUN_00401a10		00437428
00415640	FUN_00415640	12	0	1	FUN_0040d9b0		
00415670	FUN_00415670	10	0	1	FUN_00401a10		004375d0
00415680	FUN_00415680	12	0	1	FUN_0040d9b0		
004156b0	FUN_004156b0	10	0	1	FUN_00401a10		004376c0
004156c0	FUN_004156c0	12	0	1	FUN_0040d9b0		
004156f0	FUN_004156f0	10	0	1	FUN_00401a10		00437610
00415700	FUN_00415700	12	0	1	FUN_0040d9b0		
00415730	FUN_00415730	10	0	1	FUN_00401a10		004373b8
00415740	FUN_00415740	12	0	1	FUN_0040d9b0		
00415770	FUN_00415770	10	0	1	FUN_00401a10		00437458
00415780	FUN_00415780	12	0	1	FUN_0040d9b0		
004157b0	FUN_004157b0	10	0	1	FUN_004064c0		00437448
004157c0	FUN_004157c0	12	0	1	FUN_0040d9b0		
004157f0	FUN_004157f0	10	0	1	FUN_004064c0		004375bc
00415800	FUN_00415800	12	0	1	FUN_0040d9b0		
00415830	FUN_00415830	10	0	1	FUN_004064c0		004375cc
00415840	FUN_00415840	12	0	1	FUN_0040d9b0		
00415870	FUN_00415870	10	0	1	FUN_004064c0		004374b8
00415880	FUN_00415880	12	0	1	FUN_0040d9b0		
004158b0	FUN_004158b0	10	0	1	FUN_004064c0		00437444
004158c0	FUN_004158c0	12	0	1	FUN_0040d9b0		
004158f0	FUN_004158f0	18	0	1	FUN_00406530	"Button"	00437424
00415910	FUN_00415910	12	0	1	FUN_0040d9b0		
00415940	FUN_00415940	18	0	1	FUN_00406530		00436924; 004375c8
00415960	FUN_00415960	12	0	1	FUN_0040d9b0		
00415990	FUN_00415990	18	0	1	FUN_00406530	"RichEdit"	00437418
004159b0	FUN_004159b0	12	0	1	FUN_0040d9b0		
004159e0	FUN_004159e0	18	0	1	FUN_00406530	"Listbox"	0043762c
00415a00	FUN_00415a00	12	0	1	FUN_0040d9b0		
00415a30	FUN_00415a30	18	0	1	FUN_00406530	"Combobox"	0043744c
00415a50	FUN_00415a50	12	0	1	FUN_0040d9b0		
00415a80	FUN_00415a80	18	0	1	FUN_00406530	"Static"	00437640
00415aa0	FUN_00415aa0	12	0	1	FUN_0040d9b0		
00415ad0	FUN_00415ad0	18	0	1	FUN_00406530	"SysTabControl32"	00437454
00415af0	FUN_00415af0	12	0	1	FUN_0040d9b0		
00415b20	FUN_00415b20	18	0	1	FUN_00406530	"Impact"	00437668
00415b40	FUN_00415b40	12	0	1	FUN_0040d9b0		
00415b70	FUN_00415b70	10	0	1	FUN_004064c0		00437438
00415b80	FUN_00415b80	12	0	1	FUN_0040d9b0		
00415ba0	FUN_00415ba0	49	2	2	InvalidateRect; UpdateWindow		004377eb; 00437308; 00433200; 004331f8
00415be0	FUN_00415be0	338	0	6	FUN_004085b0; CreateWindowExA; SetWindowLongA; FUN_0040b090; SetFocus; EnableWindow	"PeterProgClass"	00437238; 00436910; 004377ec; 004373b0; 004375c4; 004375c0; 00437268; 00433274; 00433278; 004377f0; 00437324; 0043327c; … (+1 more)
00415d40	FUN_00415d40	898	2	8	FUN_00408100; FUN_004064c0; FUN_00407cc0; FUN_00407cf0; FUN_0040a250; CreateFontA; FUN_00406610; DeleteObject	"Courier New"; "Times New Roman"; "Arial"	004361a0; 004361ac; 004377f4; 00437668; 00433da0; 00433d98; 00433d90; 00433d88; 00433400; 00433d80; 004334a0; 00433c98; … (+5 more)
004160d0	FUN_004160d0	52	3	0			004377f4
00416110	FUN_00416110	103	7	3	FUN_00415d40; SendMessageA; FUN_004160d0		004332d8
00416180	FUN_00416180	788	1	8	FUN_004085b0; FUN_00415ba0; CreateWindowExA; SendMessageA; SetScrollInfo; FUN_00416110; FUN_0040b090; FUN_004166c0		00437238; 00436910; 004377ec; 0043763c; 00437434; 00437450; 004373b0; 004375c4; 004375c0; 00437268; 00433274; 004332d8; … (+2 more)
004164e0	FUN_004164e0	468	1	6	DestroyWindow; FUN_004166c0; FUN_00415ba0; EnableWindow; SetFocus; FUN_004084c0		00436910; 00437244; 0043723c; 00437238; 0043320c; 004377f0; 00433204; 004377ec; 0043327c; 00437324; 00437240; 00437308
004166c0	FUN_004166c0	249	3	1	SetFocus		004377f0; 00437244; 0043723c; 004377ec; 00437238; 0043327c
004167c0	FUN_004167c0	302	1	1	SetFocus		004377f0; 00437244; 0043723c; 004377ec; 00437238; 0043327c
004168f0	FUN_004168f0	436	1	2	FUN_00416d20; SetFocus		004377f0; 00437244; 0043723c; 00437238; 0043327c
00416ad0	FUN_00416ad0	546	1	2	FUN_00416d20; SetFocus		004377f0; 00437244; 0043723c; 00437238; 0043327c
00416d20	FUN_00416d20	300	3	1	SendMessageA		00437244; 0043723c; 00437238; 0043732c; 004332d8
00416e50	FUN_00416e50	717	0	3	joyGetDevCapsA; joyGetPos; FUN_0040a250		004376cc; 0043761c; 0043332c; 00433340; 00437690; 00437694; 004375e0; 004333f8; 00433da8; 00437670; 00437674; 004375f0; … (+7 more)
00417120	FUN_00417120	245	0	5	ShowWindow; GetStdHandle; AllocConsole; FUN_0040b320; FUN_0040a750		004377e8; 0043730c; 00437308; 00433308; 00436904; 00433180; 00436908; 0043690c; 004330dc; 004377e9
00417220	FUN_00417220	77	0	4	FUN_0040d3a0; CharToOemBuffA; WriteFile; FUN_0040d410		004377e8; 00433210; 00436908; 004331a8
00417270	FUN_00417270	77	0	4	FUN_0040d3a0; CharToOemBuffA; WriteFile; FUN_0040d410		004377e8; 00433210; 0043690c; 004331a8
004172c0	FUN_004172c0	191	0	8	FUN_0040d3a0; ReadFile; OemToCharBuffA; FUN_00406610; FUN_00406650; FUN_0040d410; FUN_00406c00; FUN_00406ad0		004377e8; 00436904; 00433174; 00433214
00417380	FUN_00417380	127	0	2	FUN_00417870; mciSendCommandA		004368f4; 00437760; 00433330; 00437764
00417400	FUN_00417400	181	0	2	FUN_00417870; mciSendCommandA		004368f4; 00437760; 00433330; 00437774; 00437764
004174c0	FUN_004174c0	131	0	2	FUN_00417870; mciSendCommandA		00437774; 00437775; 00437760; 00433330; 004368ec; 00437764
00417550	FUN_00417550	46	0	2	FUN_00417810; mciSendCommandA		00437760; 00433330
00417580	FUN_00417580	92	0	2	FUN_00417870; mciSendCommandA		00437774; 00437760; 00433330; 00437764; 00437775
004175e0	FUN_004175e0	162	0	2	FUN_00417870; mciSendCommandA		00437760; 00433330; 004368f0; 00437774; 004368ec; 00437764
00417690	FUN_00417690	326	0	2	FUN_00417870; mciSendCommandA		00437760; 00433330; 004368fc; 00437774; 004368f8; 00437764
004177e0	FUN_004177e0	43	1	1	mciSendCommandA		00437760; 00433330; 00437768
00417810	FUN_00417810	94	2	1	mciSendCommandA	"cdaudio"	00437760; 004368e8; 00433330
00417870	FUN_00417870	1062	6	2	FUN_00417810; mciSendCommandA		00437764; 00437768; 004368ec; 004368f0; 004368f4; 004368f8; 004368fc; 0043776c; 00437770; 00437774; 00437775; 00437760; … (+1 more)
00417cc0	FUN_00417cc0	118	1	1	FUN_004177e0		004368e8; 00437764; 00437760; 00437774; 0043776c; 004368f0; 00437770; 004368fc
00417d40	FUN_00417d40	148	0	1	GetDiskFreeSpaceA		00437288; 004377d8; 004377d0; 004377e0; 004330e0; 004377d4; 004377dc; 004377e4
00417de0	FUN_00417de0	126	2	2	CreateFileA; FUN_0040d3a0		004377a4; 0043779c; 00437448; 00437798; 004331ac; 004377ac
00417e60	FUN_00417e60	145	2	2	CreateFileA; FUN_0040d3a0		004377c8; 004377bc; 004377c4; 004377b8; 0043779c; 004375bc; 00437798; 004331ac; 004377c0
00417f00	FUN_00417f00	166	2	3	FUN_00417e60; SetFilePointer; WriteFile		004377c8; 004377c4; 004377b8; 00433164; 004377c0; 004331a8; 00437798; 004377bc
00417fb0	FUN_00417fb0	28	1	1	FUN_00418010		
00417fd0	FUN_00417fd0	25	0	1	FUN_00417ff0		
00417ff0	FUN_00417ff0	26	2	1	FUN_00418010		
00418010	FUN_00418010	126	3	2	FUN_00417e60; FUN_00417f00		004377bc; 004377c4; 004377c8; 004377c0
00418090	FUN_00418090	37	0	1	FUN_004180c0		
004180c0	FUN_004180c0	224	1	3	FUN_00417de0; SetFilePointer; ReadFile		004377a8; 004377b0; 004377b4; 004377ac; 004377a4; 00433164; 00433174; 00437798
004181b0	FUN_004181b0	379	1	3	FUN_00417de0; SetFilePointer; ReadFile		004377a8; 004377a4; 00433164; 00433174; 00437798; 004377b4; 004377b0; 004377ac
00418330	FUN_00418330	95	5	2	CloseHandle; FUN_00417f00		004377a4; 004331b0; 00437798; 004377b4; 004377b8
00418390	FUN_00418390	299	1	10	FUN_00406d30; FUN_00406c00; FUN_00406890; FUN_00406b70; FUN_00407cc0; FUN_00406610; FUN_00406b40; FUN_00407f80; GetFullPathNameA; FUN_00406650	"ALIASES.INI"	004374b8; 004375cc; 0043319c
004184c0	FUN_004184c0	73	1	5	FUN_004064c0; FUN_004070d0; FUN_00407cf0; FUN_00407dc0; FUN_00406610	"LANGID "	004361b8; 00437444
00418510	FUN_00418510	603	2	3	FUN_0040d410; FUN_0040d3a0; FUN_0040a2d0		004368bc; 004376fc; 004368c0; 00437700; 0043770c; 0043770d; 00437730; 00437714; 00437710; 00437718; 004368c8; 0043771c; … (+3 more)
00418770	FUN_00418770	282	1	4	FUN_0040d410; FUN_0040d3a0; FUN_00418510; FUN_00418c50		004371f0; 004376fc; 00437704; 00437700; 004376f4; 00437708; 004376f8; 004376e4; 004376e8; 004376ec; 00437644; 00433c8d; … (+2 more)
00418890	FUN_00418890	428	0	4	GetWindowRect; GetClientRect; FUN_0040a250; FUN_0040d9c0		004377eb; 004377ea; 00437308; 00433288; 004332f8; 00437314; 00437310; 004372ea; 00437700; 004376fc; 004333d8; 00433dc0; … (+4 more)
00418a80	FUN_00418a80	459	4	8	SendMessageA; FUN_0040b090; FUN_0040d9c0; IsZoomed; IsIconic; FUN_0040a250; FUN_00418510; FUN_0041aa00		00437238; 004372ea; 00437310; 004332d8; 0043731c; 00437320; 004376fc; 004368c8; 00437700; 00433dc0; 00433d60; 00433db8; … (+12 more)
00418c50	FUN_00418c50	41	6	0			004376f4; 004376f8; 00437644
00418c80	FUN_00418c80	68	4	1	FUN_00418cd0		
00418cd0	FUN_00418cd0	124	2	0			004376f4; 004376f8; 00437644
00418d50	FUN_00418d50	1280	2	2	FUN_00405cf0; FUN_0040a250		00437080; 0043773c; 004376fc; 00437740; 00437700; 004368d8; 004368dc; 00437704; 004376e8; 00437074; 004333c8; 004333e0; … (+11 more)
00419250	FUN_00419250	56	5	1	FUN_00418c80		00437080
00419290	FUN_00419290	181	3	2	FUN_004018e0; FUN_00404610		00437080; 004373bc; 004373b8; 00437458; 00437610
00419350	FUN_00419350	79	3	1	FUN_004019a0		00437080; 004376c4; 004376c0
004193a0	FUN_004193a0	90	3	1	FUN_004019e0		00437080; 004376c0
00419400	FUN_00419400	113	1	2	FUN_00418d50; FUN_00401c50		00437614; 00437610; 00437080; 004373bc; 004373b8; 0043745c; 00437458
00419480	FUN_00419480	66	1	1	FUN_00418d50		00437614; 00437610; 00437080
004194d0	FUN_004194d0	720	0	7	FUN_0040a250; FUN_00419250; FUN_004019a0; FUN_00419290; FUN_004193a0; FUN_00419350; FUN_004019e0		00437080; 00433dc0; 004375d4; 004375d0; 00433ca0; 004333c8
004197a0	FUN_004197a0	134	2	2	FUN_0040a250; FUN_00419250		00437080; 00433ca0
00419830	FUN_00419830	279	1	6	FUN_004019e0; FUN_004193a0; FUN_00419250; FUN_004019a0; FUN_00419350; FUN_0040a250		00437080; 00437428; 0043742c; 00433dc0; 004375d4; 004375d0
00419950	FUN_00419950	191	0	5	FUN_00419350; FUN_00419250; FUN_00406220; FUN_004197a0; FUN_004193a0		00437080
00419a10	FUN_00419a10	329	1	1	FUN_004010e0		004371f0; 00437708; 004376e8; 00437704; 00437074
00419b60	FUN_00419b60	134	1	1	FUN_004010e0		00437708; 004376e4; 004376e8; 004371f0; 00437704
00419bf0	FUN_00419bf0	75	1	1	FUN_00419a10		004376f8; 00437644; 004376f4
00419c40	FUN_00419c40	72	1	1	FUN_00419b60		004376f8; 00437644; 004376f4
00419c90	FUN_00419c90	454	2	1	FUN_00419290		00437700; 00437638; 004375dc; 00437440; 0043743c; 0043742c; 00437428; 00437080; 004376f4; 004376f8; 00437644
00419e60	FUN_00419e60	72	1	1	FUN_00419c90		004376f8; 00437644; 004376f4
00419eb0	FUN_00419eb0	215	1	1	StretchDIBits		0043770d; 00437118; 00437808; 0043780c; 00437800; 00437810; 00437804; 004377fc; 00433040
00419f90	FUN_00419f90	538	2	3	FUN_00419eb0; GetWindowRect; ScreenToClient		004377eb; 00437814; 00437244; 00437238; 0043723c; 00433288; 004332e0
0041a1b0	FUN_0041a1b0	1329	5	17	FUN_00406860; FUN_00406c00; FUN_0040b340; FUN_0040a750; FUN_00419e60; FUN_00419c40; FUN_00419480; FUN_00419bf0; FUN_00419400; FUN_0040b230; FUN_0040b1f0; GetDC; … (+5 more)		004377e8; 00437738; 004373c4; 004368e4; 0043730c; 004377eb; 004377ea; 00437739; 00437634; 004372ea; 004375dc; 00437638; … (+31 more)
0041a6f0	FUN_0041a6f0	174	0	5	BeginPaint; EndPaint; FUN_0041aa00; InvalidateRect; UpdateWindow		00433220; 0043321c; 004377eb; 00437238; 00437244; 00433200; 0043723c; 004331f8
0041a7a0	FUN_0041a7a0	45	1	1	FillRect		0043781c; 00437818; 004331fc
0041a7d0	FUN_0041a7d0	559	2	3	FUN_0041a7a0; GetWindowRect; ScreenToClient		004377eb; 00437820; 00437244; 00437238; 0043723c; 00433288; 004332e0
0041aa00	FUN_0041aa00	663	3	8	GetDC; GetStockObject; SetTextColor; SetBkColor; FUN_0041a7d0; DeleteObject; ReleaseDC; FUN_0041a1b0		00437238; 0043730c; 004376f0; 004372ea; 004332a0; 00437818; 004377eb; 004377ea; 00433034; 0043781c; 0043303c; 00433038; … (+18 more)
0041aca0	FUN_0041aca0	109	0	0			00437080
0041ad10	FUN_0041ad10	656	1	10	FUN_0042e1c0; FUN_00428600; FUN_00417cc0; FUN_00418330; FUN_00419250; FUN_0040a250; FUN_004019e0; FUN_004019a0; FUN_00419290; FUN_0041a1b0		0043732b; 00437628; 00437624; 004376cf; 004376ce; 0043761c; 0043779c; 00437748; 004375d4; 004375d0; 00437080; 00433dc0; … (+3 more)
0041afa0	FUN_0041afa0	71	1	2	GetKeyboardState; SetKeyboardState		00433228; 00433224
0041aff0	FUN_0041aff0	32	1	1	PeekMessageA		0043322c
0041b010	FUN_0041b010	284	1	2	GetCursorPos; ScreenToClient		0043732b; 00436790; 004331e8; 00436794; 0043679c; 004377ec; 00436798; 00437238; 004332e0; 004377eb; 004377ea; 00433d60; … (+6 more)
0041b130	FUN_0041b130	383	2	11	FUN_0041afa0; FUN_0041ad10; FUN_0041a1b0; GetMessageA; PeekMessageA; IsDialogMessageA; FUN_0040c150; TranslateMessage; DispatchMessageA; FUN_0041b010; FUN_00409ad0		00437794; 00437790; 00437795; 00437791; 00437796; 00437792; 00437797; 00437793; 0043323c; 0043322c; 00433238; 00437338; … (+4 more)
0041b2b0	FUN_0041b2b0	40	4	1	FUN_0041b130		00437748; 0043741c
0041b2e0	FUN_0041b2e0	980	1	22	FUN_0040d3a0; FUN_00406630; CreateFontA; GetStockObject; FUN_00418770; FUN_00404820; FUN_00419830; FUN_00418c50; SetTimer; FUN_00418330; FUN_0042dc50; FUN_00428580; … (+10 more)	"Arial"; "Courier New"	004377f4; 00433048; 004377f8; 00433034; 00437914; 004378c0; 004378e0; 00437920; 00437910; 00437600; 00437604; 004376cc; … (+31 more)
0041c140	FUN_0041c140	18	0	1	FUN_004057d0		004376e0; 00437200
0041df60	FUN_0041df60	204	0	4	FUN_0041aff0; FUN_0041b130; FUN_0041b2b0; FUN_0041a1b0		004376e0; 0043741c; 004368e0; 00437748; 004368e4
0041e410	FUN_0041e410	104	0	3	FUN_00418330; GetFileAttributesA; SetFileAttributesA		004376e0; 004375bc; 0043316c; 00433168; 00437798
0041e8c0	FUN_0041e8c0	175	0	7	FUN_004064c0; FUN_0040d3a0; FUN_00406760; FUN_00417ff0; FUN_0040d410; FUN_00406610; FUN_00418010		004376e0; 004377a0
0041ed40	FUN_0041ed40	45	0	1	FUN_0041b2b0		00437080; 0043741c
0041ed70	FUN_0041ed70	45	1	1	FUN_0041b2b0		00437080; 0043741c
0041ee50	FUN_0041ee50	39	0	2	FUN_0041ed70; FUN_004197a0		00437080; 00433cf0
0041f3a0	FUN_0041f3a0	45	0	2	FUN_004288c0; FUN_00428ba0		
0041f400	FUN_0041f400	45	0	2	FUN_004288c0; FUN_00428bf0		
0041f560	FUN_0041f560	197	0	5	FUN_00404800; FUN_004288c0; FUN_00401020; FUN_0042cf20; FUN_00404840		004376e0
0041f730	FUN_0041f730	88	1	0			004376fc; 00437700; 00437704; 00437824; 004376e4; 004376f4; 00437644
0041f790	FUN_0041f790	42	1	0			004376fc; 00437700; 00437704; 004376e4; 00437824
0041f7c0	FUN_0041f7c0	2881	0	2	FUN_0041f730; FUN_00418c80		004369ac; 004376fc; 00437700; 004376e4; 00437704; 00437824
004208b0	FUN_004208b0	166	0	0			004376fc; 004369ac; 00437700; 00437704; 004376e4; 00437824
00420960	FUN_00420960	138	0	0			00437700; 004369ac; 00437704; 004376fc; 004376e4; 00437824
00420bb0	FUN_00420bb0	289	2	1	FUN_00418c80		00437704; 004376fc; 0043783c; 00437824; 00437700
00420ce0	FUN_00420ce0	89	0	3	FUN_00428ad0; FUN_00428920; FUN_00420bb0		00437824; 004376fc; 00437700; 00437704; 004376e4; 0043783c
00420d40	FUN_00420d40	112	0	3	FUN_00428ad0; FUN_00428920; FUN_0040d9c0		00437824; 004376e0; 00433400; 00433dc0; 00433de0
00420db0	FUN_00420db0	492	0	4	FUN_0040a250; FUN_00418c80; FUN_0040d9c0; FUN_0041f790		004333d8; 004333c8; 00433dd8; 00433dd0; 00433dc8
004214a0	FUN_004214a0	1231	0	22	FUN_004064c0; FUN_004068b0; FUN_00428ad0; FUN_00428920; FUN_0040d9c0; FUN_0040d470; CreateBitmap; GetDC; CreateCompatibleDC; SelectObject; FUN_00415d40; FUN_004068f0; … (+10 more)		004376e0; 00437700; 00433dc0; 004376fc; 004376ec; 00433064; 00437308; 004332a0; 00433060; 0043305c; 004333c8; 004333e0; … (+10 more)
00422120	FUN_00422120	126	0	2	FUN_0040a250; FUN_00418c50		004376e0; 004333c8; 00437084; 00437080; 00433dc0
004221a0	FUN_004221a0	126	0	2	FUN_0040a250; FUN_00418c50		004376e0; 004333c8; 00437084; 00437080; 00433dc0
00422510	FUN_00422510	10	0	1	FUN_004064c0		0043782c
00422520	FUN_00422520	12	0	1	FUN_0040d9b0		
00422550	FUN_00422550	18	0	1	FUN_00406530	"{\\\\RTF"	00437828
00422570	FUN_00422570	12	0	1	FUN_0040d9b0		
00422600	FUN_00422600	234	1	3	FUN_0040d470; FUN_00406630; SendMessageA		004332d8
00422b60	FUN_00422b60	58	0	2	SetWindowPos; FUN_0040b090		00433290
00422df0	FUN_00422df0	1294	0	4	FUN_0040a250; SendMessageA; FUN_00422600; SetScrollPos		004376e0; 00436910; 00437244; 0043732c; 0043723c; 00437238; 004334b8; 004332d8; 00436768; 004333c8; 004333e0; 0043325c
00423350	FUN_00423350	661	0	3	SendMessageA; FUN_0040a250; SetScrollInfo		004376e0; 00436910; 00437244; 0043732c; 0043723c; 00437238; 004332d8; 00433380; 004333e0; 004334c0; 00433208
00423610	FUN_00423610	394	0	5	GetWindowLongA; SetWindowLongA; FUN_0040a610; SetWindowPos; FUN_0040b090		004332d4; 00436910; 00433278; 0043677c; 00436778; 00433290
00423aa0	FUN_00423aa0	207	0	2	ShowWindow; SendMessageA		00436910; 00437244; 0043723c; 00437238; 00433308; 00436768; 004332d8
00423bc0	FUN_00423bc0	203	0	4	GetWindowLongA; SetWindowLongA; EnableWindow; SendMessageA		00436910; 00437244; 0043723c; 00437238; 004332d4; 00433278; 00433204; 004332d8
00423ce0	FUN_00423ce0	175	0	2	FUN_00416d20; SendMessageA		00436910; 00437244; 0043723c; 00437238; 0043732c; 004332d8
00423e00	FUN_00423e00	150	0	1	SendMessageA		00436910; 00437244; 0043723c; 00437238; 0043732c; 004332d8
00423f70	FUN_00423f70	70	0	1	FUN_00416110		00436910; 00437244; 0043723c; 00437238
00424010	FUN_00424010	70	0	1	FUN_00416110		00436910; 00437244; 0043723c; 00437238
00424100	FUN_00424100	70	0	1	FUN_00416110		00436910; 00437244; 0043723c; 00437238
004241a0	FUN_004241a0	70	0	1	FUN_00416110		00436910; 00437244; 0043723c; 00437238
00424240	FUN_00424240	70	0	1	FUN_00416110		00436910; 00437244; 0043723c; 00437238
004242e0	FUN_004242e0	70	0	1	FUN_00416110		00436910; 00437244; 0043723c; 00437238
00424db0	FUN_00424db0	318	0	2	FUN_0040a250; SetCursor		00437728; 004368bc; 004368c0; 0043772c; 004372ea; 004368c8; 00437834; 00437830; 004372e4; 00433250; 0043610c
00425410	FUN_00425410	535	0	10	FUN_004064c0; FUN_00406b20; FUN_00407930; FUN_0040a250; FUN_00406860; FUN_00406bb0; FUN_00407cc0; FUN_00406610; FUN_00407180; FUN_0040ae30		004376e0; 004333c8; 00433df0; 00433dc0; 004334c0; 004334b8; 004372ea; 004372fc; 00437300; 00437304
00425bc0	FUN_00425bc0	17	0	2	FUN_00401130; FUN_00409240		
004260c0	FUN_004260c0	112	0	0			004376e0
00426160	FUN_00426160	114	0	0			004376e0
00426210	FUN_00426210	114	0	0			004376e0
004262c0	FUN_004262c0	114	0	0			004376e0
00426370	FUN_00426370	114	0	0			004376e0
00426bb0	FUN_00426bb0	29	0	1	FUN_00428ba0		
00426c20	FUN_00426c20	29	0	1	FUN_00428bf0		
00427450	FUN_00427450	56	0	2	FUN_00418330; GetFileAttributesA		00437448; 0043316c; 00437798
00428220	FUN_00428220	10	0	1	FUN_004064c0		00437844
00428230	FUN_00428230	12	0	1	FUN_0040d9b0		
00428250	FUN_00428250	443	0	11	FUN_00428580; FUN_00406d50; CreateFileA; WriteFile; CloseHandle; mciSendCommandA; FUN_00428460; FUN_004284f0; FUN_00402330; DeleteFileA; FUN_00406ad0	"sequencer"	004369c8; 00437844; 004331ac; 004331a8; 004331b0; 00433330; 00437848; 004369c0; 00437850; 0043784d; 0043784c; 0043784e; … (+2 more)
00428410	FUN_00428410	66	1	3	FUN_00428460; FUN_004284f0; FUN_00428580		0043784c; 004369c4; 004369c8; 0043784e; 0043784d
00428460	FUN_00428460	131	2	2	mciSendCommandA; FUN_004284f0		004369c0; 0043784c; 00437850; 004369c4; 0043784d; 00437848; 00433330
004284f0	FUN_004284f0	137	4	1	mciSendCommandA		0043784d; 0043784c; 004369c4; 004369c8; 00437848; 00433330; 00437308
00428580	FUN_00428580	126	3	3	mciSendCommandA; DeleteFileA; FUN_00406ad0		00437848; 0043784c; 004369c8; 00433330; 004369c0; 00437850; 00437844; 004331a4
00428600	FUN_00428600	212	1	3	FUN_00428410; mciSendCommandA; FUN_004284f0		004369c8; 0043784f; 0043784c; 00437848; 00437850; 00433330; 004369c0; 0043784d; 004369c4
004288a0	FUN_004288a0	17	0	2	FUN_00402350; FUN_00409240		
004288c0	FUN_004288c0	38	10	0			004376e0
004288f0	FUN_004288f0	38	2	0			004376e0
00428920	FUN_00428920	44	3	0			004376e0; 00433dc0
00428950	FUN_00428950	44	0	0			004376e0; 004333f8
00428980	FUN_00428980	44	0	0			004376e0; 00433e00
004289b0	FUN_004289b0	44	0	0			004376e0; 00433e08
004289e0	FUN_004289e0	66	0	0			004376e0; 00433e10
00428a30	FUN_00428a30	62	2	0			004376e0; 00433468
00428a70	FUN_00428a70	36	5	2	FUN_00428a30; FileTimeToSystemTime		00437860; 0043311c
00428aa0	FUN_00428aa0	44	0	2	FUN_00428a30; LocalFileTimeToFileTime		00433120
00428ad0	FUN_00428ad0	93	4	1	FUN_004288f0		00437150
00428b30	FUN_00428b30	47	0	0			00437080; 004376f4; 004376f8
00428b60	FUN_00428b60	53	0	0			00437080; 004376f4; 004376f8
00428ba0	FUN_00428ba0	78	2	0			00437080; 004376f4; 004376f8; 004371f0
00428bf0	FUN_00428bf0	80	2	0			00437080; 004376f4; 004376f8; 004371f0
00428c40	FUN_00428c40	4	0	0			
00428c50	FUN_00428c50	119	0	0			00437080; 004376f4; 004376f8
00428d00	FUN_00428d00	129	0	0			00437080; 004376f4; 004376f8
004299d0	FUN_004299d0	71	0	0			004376e0
00429a40	FUN_00429a40	73	0	0			004376e0
00429a90	FUN_00429a90	71	0	0			004376e0
00429b00	FUN_00429b00	94	0	0			004376e0; 004333e0
00429b60	FUN_00429b60	179	2	0			004333c8
00429c20	FUN_00429c20	101	0	1	FUN_00429b60		004376e0
00429d00	FUN_00429d00	175	0	1	FUN_00428ad0		00433c8d; 004376e0; 004333c8; 0043715c
0042a220	FUN_0042a220	320	0	8	FUN_004064c0; FUN_004288c0; FUN_00406860; FUN_00406c00; FUN_0041a1b0; MessageBoxA; FUN_0041aa00; FUN_00406610		004376e0; 004376f0; 004377ec; 00437238; 004331f4; 004372ea
0042a3b0	FUN_0042a3b0	56	0	3	FUN_00418330; FindFirstFileA; FindClose		00437448; 0043310c; 00433100; 00437798
0042a400	FUN_0042a400	57	0	1	FileTimeToLocalFileTime		00433128; 004333d0; 004333c8
0042ac90	FUN_0042ac90	140	1	3	FUN_00401d90; FUN_004288c0; FUN_00401ea0		004376e0; 004333c8
0042ad20	FUN_0042ad20	12	0	1	FUN_0042ac90		
0042ad60	FUN_0042ad60	13	0	0			00437740; 00433d60
0042b0c0	FUN_0042b0c0	18	0	1	FUN_00406530	"msctls_progress32"	00437878
0042b0e0	FUN_0042b0e0	12	0	1	FUN_0040d9b0		
0042b140	FUN_0042b140	18	0	1	FUN_00406530	"msctls_trackbar32"	00437870
0042b160	FUN_0042b160	12	0	1	FUN_0040d9b0		
0042b1f0	FUN_0042b1f0	18	0	1	FUN_00406530	"SCROLLBAR"	00437858
0042b210	FUN_0042b210	12	0	1	FUN_0040d9b0		
0042b680	FUN_0042b680	67	0	2	LoadLibraryA; FUN_00416180	"RICHED32.DLL"	0043787c; 00433160; 00437418; 00436910
0042b7f0	FUN_0042b7f0	18	0	1	FUN_00406530	"SysListView32"	00437874
0042b810	FUN_0042b810	12	0	1	FUN_0040d9b0		
0042c6b0	FUN_0042c6b0	19	0	2	FUN_00402680; FUN_00404250		
0042cb90	FUN_0042cb90	10	0	1	FUN_00404800		004378a8
0042cba0	FUN_0042cba0	12	0	1	FUN_0040d9b0		
0042cbc0	FUN_0042cbc0	75	2	2	FreeLibrary; FUN_0040d410		00437954; 00437950; 0043315c; 00437920; 00437948
0042cc10	FUN_0042cc10	773	1	5	LoadLibraryA; GetProcAddress; FUN_0040d3a0; FUN_0040a250; FUN_0042cbc0	"DSOUND.DLL"; "DirectSoundCreate"	00437944; 00433160; 00437950; 0043308c; 0043794c; 00437954; 00437308; 00436a44; 00437920; 00433da8; 00433e20; 00437948
0042cf20	FUN_0042cf20	2178	1	12	FUN_0042cc10; FUN_0042dc50; FUN_00405750; waveOutOpen; FUN_00404840; FUN_0042dd10; FUN_0040a250; FUN_00401020; FUN_00404d90; FUN_00404aa0; FUN_00404b30; FUN_00404fb0		00436a30; 00436a2c; 004378a8; 00436a38; 00436a3c; 00436a40; 00437924; 0043333c; 00437938; 0043793c; 00436a34; 0043792c; … (+17 more)
0042d7b0	FUN_0042d7b0	185	0	3	FUN_0042dc50; FUN_00404840; FUN_00404990		00436a30; 004378a8; 00437928; 00437910; 00437942
0042d870	FUN_0042d870	668	0	5	FUN_0040a250; waveOutReset; waveOutUnprepareHeader; waveOutClose; waveOutOpen		00437940; 004333c8; 00436a30; 00437924; 004378a8; 00436a3c; 00436a38; 0043792c; 00437930; 00437938; 00436a34; 00433324; … (+12 more)
0042db10	FUN_0042db10	309	0	2	waveOutGetPosition; FUN_0040a250		00436a30; 00437924; 00433338; 004378a8; 00437938; 00437928; 00437910; 00437942; 004333c8; 00433e38
0042dc50	FUN_0042dc50	178	4	4	waveOutReset; waveOutUnprepareHeader; waveOutClose; FUN_00404990		00437924; 00433324; 00433328; 00437900; 004378e0; 004378f0; 004378d0; 004378c0; 00433344; 00437910; 004378a8; 00437928; … (+3 more)
0042dd10	FUN_0042dd10	48	1	2	waveOutPause; waveOutRestart		00437924; 00437940; 00433334; 00433318
0042dd40	FUN_0042dd40	1133	1	1	FUN_0040a250		
0042e1c0	FUN_0042e1c0	1093	1	7	FUN_0042dc50; waveOutUnprepareHeader; waveOutPrepareHeader; waveOutWrite; FUN_0042dd40; FUN_0040a250; FUN_00404990		00436a2c; 00437940; 00436a30; 00437924; 00437930; 00436a34; 00437900; 004378e0; 004378c0; 00433320; 004378f0; 004378d0; … (+29 more)
0042e9c0	FUN_0042e9c0	17	0	2	FUN_00404990; FUN_00409240		
0042ebc0	FUN_0042ebc0	17	0	2	FUN_00405d10; FUN_00405d60		
0042ebe0	FUN_0042ebe0	35	0	2	FUN_00406c70; FUN_00406cc0		004376e0
0042ece0	FUN_0042ece0	18	0	1	FUN_00406530		00436a68; 0043795c
0042ed00	FUN_0042ed00	12	0	1	FUN_0040d9b0		
0042ee70	FUN_0042ee70	50	0	3	FUN_00406ad0; FUN_004288c0; FUN_00407200		
0042eeb0	FUN_0042eeb0	18	0	2	FUN_004288f0; FUN_00407390		
0042eed0	FUN_0042eed0	18	0	2	FUN_004288c0; FUN_00407d60		
0042ef30	FUN_0042ef30	73	0	6	FUN_00428a70; FUN_00406ad0; FUN_004072d0; FUN_00407ea0; FUN_00407200; FUN_00407280		00437866; 00437862; 00437860
0042ef80	FUN_0042ef80	73	0	6	FUN_00428a70; FUN_00406ad0; FUN_004072d0; FUN_00407ea0; FUN_00407200; FUN_00407280		00437862; 00437866; 00437860
0042efd0	FUN_0042efd0	73	0	5	FUN_00428a70; FUN_00406ad0; FUN_00407280; FUN_00407ea0; FUN_00407200		00437860; 00437862; 00437866
0042f020	FUN_0042f020	73	0	5	FUN_00428a70; FUN_00406ad0; FUN_004072d0; FUN_00407ea0; FUN_00407200		00437868; 0043786a; 0043786c
0042f070	FUN_0042f070	112	0	5	FUN_00428a70; FUN_00406ad0; FUN_004072d0; FUN_00407ea0; FUN_00407200		00437868; 0043786a; 0043786c
0042f400	FUN_0042f400	333	1	16	FUN_00401020; FUN_00406c70; FUN_00406cc0; FUN_00407cf0; FUN_00406ad0; FUN_004064c0; FUN_00406860; FUN_00406b40; FUN_00407cc0; FUN_00406610; FindFirstFileA; FUN_00407e30; … (+4 more)		00436a6c; 00433138; 0043310c; 00433100
0042f550	FUN_0042f550	19	0	2	FUN_00406ad0; FUN_0042f400		
0042f590	FUN_0042f590	124	1	4	FUN_004184c0; GetPrivateProfileStringA; FUN_00406610; FUN_00406650		004375cc; 00437078; 004374b8; 00437444; 0043313c
0042f610	FUN_0042f610	203	0	8	FUN_00406ad0; FUN_00401020; FUN_00418390; FUN_00407cc0; FUN_00406890; FUN_00406c00; GetFileAttributesA; FUN_0042f590		00437448; 00437798; 004374b8; 004375cc; 0043316c; 004361a4; 0043619c
0042f6e0	FUN_0042f6e0	116	0	3	FUN_00406ad0; FUN_0041b2b0; FUN_00407d60		0043741c; 00437784; 00437780; 004377e8; 004373c8
0042f7b0	FUN_0042f7b0	10	0	1	FUN_004064c0		00437958
0042f7c0	FUN_0042f7c0	12	0	1	FUN_0040d9b0		
0042f7f0	FUN_0042f7f0	10	0	1	FUN_004064c0		0043796c
0042f800	FUN_0042f800	12	0	1	FUN_0040d9b0		
0042f830	FUN_0042f830	10	0	1	FUN_004064c0		00437970
0042f840	FUN_0042f840	12	0	1	FUN_0040d9b0		
0042f870	FUN_0042f870	10	0	1	FUN_004064c0		00437968
0042f880	FUN_0042f880	12	0	1	FUN_0040d9b0		
0042f8b0	FUN_0042f8b0	10	0	1	FUN_004064c0		00437960
0042f8c0	FUN_0042f8c0	12	0	1	FUN_0040d9b0		
004301d0	FUN_004301d0	45	0	2	FUN_004288c0; FUN_00406c00		004376e0
004302e0	FUN_004302e0	90	0	5	FUN_004288c0; FUN_004064c0; FUN_004068f0; FUN_00407cc0; FUN_00406610		004376e0
00430350	FUN_00430350	109	0	5	FUN_004288c0; FUN_004064c0; FUN_00406950; FUN_00407cc0; FUN_00406610		004376e0
00430530	FUN_00430530	10	0	1	FUN_004064c0		00437964
00430540	FUN_00430540	12	0	1	FUN_0040d9b0		
00430580	FUN_00430580	524	0	8	FUN_00406ad0; SendMessageA; FUN_0040d3a0; FUN_00406610; FUN_00406650; FUN_0040d410; FUN_00407cc0; FUN_00406e30		00436910; 00437244; 0043723c; 00437238; 004332d8; 00437964
004309e0	MSACM32.DLL::acmStreamClose	6	1	1	acmStreamClose		004331d8
004309e6	MSACM32.DLL::acmStreamUnprepareHeader	6	1	1	acmStreamUnprepareHeader		004331d4
004309ec	MSACM32.DLL::acmStreamConvert	6	1	1	acmStreamConvert		004331d0
004309f2	MSACM32.DLL::acmStreamPrepareHeader	6	1	1	acmStreamPrepareHeader		004331cc
004309f8	MSACM32.DLL::acmStreamSize	6	1	1	acmStreamSize		004331c8
004309fe	MSACM32.DLL::acmStreamOpen	6	1	1	acmStreamOpen		004331c4
00430a04	MSACM32.DLL::acmFormatSuggest	6	1	1	acmFormatSuggest		004331c0
00430a0a	COMDLG32.DLL::FindTextA	6	1	1	FindTextA		00433354
00430a10	COMDLG32.DLL::PrintDlgA	6	0	1	PrintDlgA		0043335c
00430a16	COMDLG32.DLL::GetOpenFileNameA	6	0	1	GetOpenFileNameA		00433358
00430a1c	COMDLG32.DLL::GetSaveFileNameA	6	0	1	GetSaveFileNameA		00433350
00430a3a	FUN_00430a3a	10	1	1	__cintrindisp2		00436a80
00430a92	FUN_00430a92	10	0	1	__cintrindisp1		00436c60
00430a9c	FUN_00430a9c	7	0	1	FUN_00430a92		00436c80
00430ae2	FUN_00430ae2	10	0	1	__cintrindisp2		00436d54
00430b10	__cintrindisp2	62	2	2	__trandisp2; FUN_00430bc5		00436ee0; 00437988
00430b4e	__cintrindisp1	54	1	2	__trandisp1; FUN_00430bc5		00436ee0; 00437988
00430b84	__ctrandisp2	58	0	3	__fload; __trandisp2; FUN_00430bbe		
00430bbe	FUN_00430bbe	7	2	0			00437988
00430bc5	FUN_00430bc5	304	2	1	__87except		00437354; 00437980; 00437986; 00433e58; 00433e48; 00433e68; 00433e50; 00433e40; 00433e60; 00437988
00430cf5	__ctrandisp1	44	0	3	__fload; __trandisp1; FUN_00430bbe		
00430d21	__fload	60	2	0			
00430d60	__trandisp1	103	2	0			00436aed
00430dc7	__trandisp2	140	2	0			00436aed
00430e6b	FUN_00430e6b	7	0	0			
00430f06	FUN_00430f06	29	1	0			00436ad0
00430f23	FUN_00430f23	7	0	0			
00431736	FUN_00431736	518	1	0			00436b1c; 00436b4c; 00436b54; 00436b3c
0043193c	FUN_0043193c	178	0	1	FUN_00431736		00436b34
00431b80	FUN_00431b80	106	0	0			00436b3c
00431cfc	FUN_00431cfc	48	0	1	FUN_00430f06		
00431d2c	FUN_00431d2c	9	0	0			00436ada
00431f11	FUN_00431f11	52	0	0			00436d42
00431f80	__87except	255	1	5	__handle_exc; __raise_exc; __ctrlfp; FUN_004329d0; __set_errno		00436ee0
004320a0	FUN_004320a0	584	0	1	FUN_004322f0		00436f0c; 00436f08; 00436f14; 00436f10; 00436f2c; 00436f28
004322f0	FUN_004322f0	127	1	2	FUN_00432c80; FUN_00432c60		00433e80
00432370	__raise_exc	858	1	3	__statfp; __clrfp; RaiseException		004331b4
004326e0	__handle_exc	704	1	2	FUN_00432a60; __decomp		00436f0c; 00436f08; 00436f1c; 00436f18
004329a0	__set_errno	42	1	0			00437358
004329d0	FUN_004329d0	3	1	0			
004329e0	__statfp	17	1	0			
00432a00	__clrfp	18	1	0			
00432a20	__ctrlfp	50	1	0			
00432a60	FUN_00432a60	91	1	0			00436ee8; 00436ef8
00432ac0	__set_exp	57	1	0			
00432b00	FUN_00432b00	99	1	0			
00432b70	__decomp	238	1	1	__set_exp		
00432c60	FUN_00432c60	21	1	0			
00432c80	FUN_00432c80	162	1	1	FUN_00432b00		
