library	symbol	address
KERNEL32.DLL	GetProcAddress	EXTERNAL:00000001
KERNEL32.DLL	GetModuleHandleA	EXTERNAL:00000002
KERNEL32.DLL	GetVersionExA	EXTERNAL:00000003
KERNEL32.DLL	GetVersion	EXTERNAL:00000004
KERNEL32.DLL	ExitProcess	EXTERNAL:00000005
KERNEL32.DLL	GetExitCodeProcess	EXTERNAL:00000006
KERNEL32.DLL	WaitForSingleObject	EXTERNAL:00000007
KERNEL32.DLL	GetWindowsDirectoryA	EXTERNAL:00000008
KERNEL32.DLL	SetCurrentDirectoryA	EXTERNAL:00000009
KERNEL32.DLL	CreateProcessA	EXTERNAL:0000000a
KERNEL32.DLL	CreateDirectoryA	EXTERNAL:0000000b
KERNEL32.DLL	SetConsoleTitleA	EXTERNAL:0000000c
KERNEL32.DLL	HeapAlloc	EXTERNAL:0000000d
KERNEL32.DLL	HeapCreate	EXTERNAL:0000000e
KERNEL32.DLL	HeapDestroy	EXTERNAL:0000000f
KERNEL32.DLL	HeapFree	EXTERNAL:00000010
KERNEL32.DLL	HeapReAlloc	EXTERNAL:00000011
KERNEL32.DLL	HeapSize	EXTERNAL:00000012
KERNEL32.DLL	VirtualAlloc	EXTERNAL:00000013
KERNEL32.DLL	VirtualFree	EXTERNAL:00000014
KERNEL32.DLL	AllocConsole	EXTERNAL:00000015
KERNEL32.DLL	GetDiskFreeSpaceA	EXTERNAL:00000016
KERNEL32.DLL	GetUserDefaultLangID	EXTERNAL:00000017
KERNEL32.DLL	GetACP	EXTERNAL:00000018
KERNEL32.DLL	SetVolumeLabelA	EXTERNAL:00000019
KERNEL32.DLL	SetEndOfFile	EXTERNAL:0000001a
KERNEL32.DLL	SetLocalTime	EXTERNAL:0000001b
KERNEL32.DLL	WritePrivateProfileStringA	EXTERNAL:0000001c
KERNEL32.DLL	RemoveDirectoryA	EXTERNAL:0000001d
KERNEL32.DLL	FindClose	EXTERNAL:0000001e
KERNEL32.DLL	GetVolumeInformationA	EXTERNAL:0000001f
KERNEL32.DLL	GetLogicalDrives	EXTERNAL:00000020
KERNEL32.DLL	FindFirstFileA	EXTERNAL:00000021
KERNEL32.DLL	CopyFileA	EXTERNAL:00000022
KERNEL32.DLL	MoveFileA	EXTERNAL:00000023
KERNEL32.DLL	GlobalFree	EXTERNAL:00000024
KERNEL32.DLL	FileTimeToSystemTime	EXTERNAL:00000025
KERNEL32.DLL	LocalFileTimeToFileTime	EXTERNAL:00000026
KERNEL32.DLL	SystemTimeToFileTime	EXTERNAL:00000027
KERNEL32.DLL	FileTimeToLocalFileTime	EXTERNAL:00000028
KERNEL32.DLL	GetDriveTypeA	EXTERNAL:00000029
KERNEL32.DLL	QueryPerformanceCounter	EXTERNAL:0000002a
KERNEL32.DLL	QueryPerformanceFrequency	EXTERNAL:0000002b
KERNEL32.DLL	FindNextFileA	EXTERNAL:0000002c
KERNEL32.DLL	GetPrivateProfileStringA	EXTERNAL:0000002d
KERNEL32.DLL	GetLocalTime	EXTERNAL:0000002e
KERNEL32.DLL	GetModuleFileNameA	EXTERNAL:0000002f
KERNEL32.DLL	GetCommandLineA	EXTERNAL:00000030
KERNEL32.DLL	FindResourceA	EXTERNAL:00000031
KERNEL32.DLL	SizeofResource	EXTERNAL:00000032
KERNEL32.DLL	LoadResource	EXTERNAL:00000033
KERNEL32.DLL	LockResource	EXTERNAL:00000034
KERNEL32.DLL	FreeLibrary	EXTERNAL:00000035
KERNEL32.DLL	LoadLibraryA	EXTERNAL:00000036
KERNEL32.DLL	SetFilePointer	EXTERNAL:00000037
KERNEL32.DLL	SetFileAttributesA	EXTERNAL:00000038
KERNEL32.DLL	GetFileAttributesA	EXTERNAL:00000039
KERNEL32.DLL	SetFileTime	EXTERNAL:0000003a
KERNEL32.DLL	ReadFile	EXTERNAL:0000003b
KERNEL32.DLL	GetFileSize	EXTERNAL:0000003c
KERNEL32.DLL	MultiByteToWideChar	EXTERNAL:0000003d
KERNEL32.DLL	GetStdHandle	EXTERNAL:0000003e
KERNEL32.DLL	lstrlenW	EXTERNAL:0000003f
KERNEL32.DLL	CompareStringA	EXTERNAL:00000040
KERNEL32.DLL	GetCurrentDirectoryA	EXTERNAL:00000041
KERNEL32.DLL	GetTempPathA	EXTERNAL:00000042
KERNEL32.DLL	GetTempFileNameA	EXTERNAL:00000043
KERNEL32.DLL	FreeConsole	EXTERNAL:00000044
KERNEL32.DLL	GetFullPathNameA	EXTERNAL:00000045
KERNEL32.DLL	WideCharToMultiByte	EXTERNAL:00000046
KERNEL32.DLL	DeleteFileA	EXTERNAL:00000047
KERNEL32.DLL	WriteFile	EXTERNAL:00000048
KERNEL32.DLL	CreateFileA	EXTERNAL:00000049
KERNEL32.DLL	CloseHandle	EXTERNAL:0000004a
KERNEL32.DLL	RaiseException	EXTERNAL:0000004b
KERNEL32.DLL	lstrlenA	EXTERNAL:0000004c
USER32.DLL	GetCursorPos	EXTERNAL:0000004d
USER32.DLL	PostQuitMessage	EXTERNAL:0000004e
USER32.DLL	DefWindowProcA	EXTERNAL:0000004f
USER32.DLL	MessageBoxA	EXTERNAL:00000050
USER32.DLL	UpdateWindow	EXTERNAL:00000051
USER32.DLL	FillRect	EXTERNAL:00000052
USER32.DLL	InvalidateRect	EXTERNAL:00000053
USER32.DLL	EnableWindow	EXTERNAL:00000054
USER32.DLL	SetScrollInfo	EXTERNAL:00000055
USER32.DLL	DestroyWindow	EXTERNAL:00000056
USER32.DLL	CharToOemBuffA	EXTERNAL:00000057
USER32.DLL	OemToCharBuffA	EXTERNAL:00000058
USER32.DLL	IsIconic	EXTERNAL:00000059
USER32.DLL	EndPaint	EXTERNAL:0000005a
USER32.DLL	BeginPaint	EXTERNAL:0000005b
USER32.DLL	SetKeyboardState	EXTERNAL:0000005c
USER32.DLL	GetKeyboardState	EXTERNAL:0000005d
USER32.DLL	PeekMessageA	EXTERNAL:0000005e
USER32.DLL	DispatchMessageA	EXTERNAL:0000005f
USER32.DLL	TranslateMessage	EXTERNAL:00000060
USER32.DLL	IsDialogMessageA	EXTERNAL:00000061
USER32.DLL	GetMessageA	EXTERNAL:00000062
USER32.DLL	KillTimer	EXTERNAL:00000063
USER32.DLL	SetTimer	EXTERNAL:00000064
USER32.DLL	SetWindowPlacement	EXTERNAL:00000065
USER32.DLL	GetWindowPlacement	EXTERNAL:00000066
USER32.DLL	SetCursor	EXTERNAL:00000067
USER32.DLL	SetCursorPos	EXTERNAL:00000068
USER32.DLL	LoadIconA	EXTERNAL:00000069
USER32.DLL	SetScrollPos	EXTERNAL:0000006a
USER32.DLL	EnumDisplaySettingsA	EXTERNAL:0000006b
USER32.DLL	GetSysColor	EXTERNAL:0000006c
USER32.DLL	DrawTextA	EXTERNAL:0000006d
USER32.DLL	LoadCursorA	EXTERNAL:0000006e
USER32.DLL	RegisterClassA	EXTERNAL:0000006f
USER32.DLL	CreateWindowExA	EXTERNAL:00000070
USER32.DLL	SetWindowLongA	EXTERNAL:00000071
USER32.DLL	SetFocus	EXTERNAL:00000072
USER32.DLL	GetFocus	EXTERNAL:00000073
USER32.DLL	GetClassNameA	EXTERNAL:00000074
USER32.DLL	GetWindowRect	EXTERNAL:00000075
USER32.DLL	SystemParametersInfoA	EXTERNAL:00000076
USER32.DLL	SetWindowPos	EXTERNAL:00000077
USER32.DLL	SetForegroundWindow	EXTERNAL:00000078
USER32.DLL	GetForegroundWindow	EXTERNAL:00000079
USER32.DLL	GetSystemMetrics	EXTERNAL:0000007a
USER32.DLL	GetDC	EXTERNAL:0000007b
USER32.DLL	ReleaseDC	EXTERNAL:0000007c
USER32.DLL	GetDlgItem	EXTERNAL:0000007d
USER32.DLL	SetWindowTextA	EXTERNAL:0000007e
USER32.DLL	GetWindowTextLengthA	EXTERNAL:0000007f
USER32.DLL	GetWindowTextA	EXTERNAL:00000080
USER32.DLL	CharLowerA	EXTERNAL:00000081
USER32.DLL	CharUpperA	EXTERNAL:00000082
USER32.DLL	CreateCursor	EXTERNAL:00000083
USER32.DLL	DestroyIcon	EXTERNAL:00000084
USER32.DLL	DestroyCursor	EXTERNAL:00000085
USER32.DLL	IsWindow	EXTERNAL:00000086
USER32.DLL	GetWindow	EXTERNAL:00000087
USER32.DLL	GetWindowLongA	EXTERNAL:00000088
USER32.DLL	SendMessageA	EXTERNAL:00000089
USER32.DLL	RegisterWindowMessageA	EXTERNAL:0000008a
USER32.DLL	ScreenToClient	EXTERNAL:0000008b
USER32.DLL	GetKeyState	EXTERNAL:0000008c
USER32.DLL	GetAsyncKeyState	EXTERNAL:0000008d
USER32.DLL	ClientToScreen	EXTERNAL:0000008e
USER32.DLL	IsZoomed	EXTERNAL:0000008f
USER32.DLL	MoveWindow	EXTERNAL:00000090
USER32.DLL	GetClientRect	EXTERNAL:00000091
USER32.DLL	EndDialog	EXTERNAL:00000092
USER32.DLL	ShowCursor	EXTERNAL:00000093
USER32.DLL	DialogBoxParamA	EXTERNAL:00000094
USER32.DLL	ShowWindow	EXTERNAL:00000095
USER32.DLL	AdjustWindowRectEx	EXTERNAL:00000096
USER32.DLL	ChangeDisplaySettingsA	EXTERNAL:00000097
GDI32.DLL	DeleteObject	EXTERNAL:00000098
GDI32.DLL	RealizePalette	EXTERNAL:00000099
GDI32.DLL	SelectPalette	EXTERNAL:0000009a
GDI32.DLL	GetDeviceCaps	EXTERNAL:0000009b
GDI32.DLL	CreatePalette	EXTERNAL:0000009c
GDI32.DLL	CreateSolidBrush	EXTERNAL:0000009d
GDI32.DLL	GetStockObject	EXTERNAL:0000009e
GDI32.DLL	SetBkColor	EXTERNAL:0000009f
GDI32.DLL	SetTextColor	EXTERNAL:000000a0
GDI32.DLL	StretchDIBits	EXTERNAL:000000a1
GDI32.DLL	SetStretchBltMode	EXTERNAL:000000a2
GDI32.DLL	CreateFontA	EXTERNAL:000000a3
GDI32.DLL	DeleteDC	EXTERNAL:000000a4
GDI32.DLL	GetDIBits	EXTERNAL:000000a5
GDI32.DLL	TextOutA	EXTERNAL:000000a6
GDI32.DLL	GetTextExtentPoint32A	EXTERNAL:000000a7
GDI32.DLL	SelectObject	EXTERNAL:000000a8
GDI32.DLL	CreateCompatibleDC	EXTERNAL:000000a9
GDI32.DLL	CreateBitmap	EXTERNAL:000000aa
GDI32.DLL	BitBlt	EXTERNAL:000000ab
GDI32.DLL	CreateCompatibleBitmap	EXTERNAL:000000ac
GDI32.DLL	CreateDCA	EXTERNAL:000000ad
GDI32.DLL	EndDoc	EXTERNAL:000000ae
GDI32.DLL	EndPage	EXTERNAL:000000af
GDI32.DLL	StartPage	EXTERNAL:000000b0
GDI32.DLL	StartDocA	EXTERNAL:000000b1
GDI32.DLL	EnumFontFamiliesA	EXTERNAL:000000b2
MSACM32.DLL	acmFormatSuggest	EXTERNAL:000000b3
MSACM32.DLL	acmStreamOpen	EXTERNAL:000000b4
MSACM32.DLL	acmStreamSize	EXTERNAL:000000b5
MSACM32.DLL	acmStreamPrepareHeader	EXTERNAL:000000b6
MSACM32.DLL	acmStreamConvert	EXTERNAL:000000b7
MSACM32.DLL	acmStreamUnprepareHeader	EXTERNAL:000000b8
MSACM32.DLL	acmStreamClose	EXTERNAL:000000b9
WINMM.DLL	waveOutRestart	EXTERNAL:000000ba
WINMM.DLL	waveOutWrite	EXTERNAL:000000bb
WINMM.DLL	waveOutPrepareHeader	EXTERNAL:000000bc
WINMM.DLL	waveOutReset	EXTERNAL:000000bd
WINMM.DLL	waveOutUnprepareHeader	EXTERNAL:000000be
WINMM.DLL	joyGetDevCapsA	EXTERNAL:000000bf
WINMM.DLL	mciSendCommandA	EXTERNAL:000000c0
WINMM.DLL	waveOutPause	EXTERNAL:000000c1
WINMM.DLL	waveOutGetPosition	EXTERNAL:000000c2
WINMM.DLL	waveOutOpen	EXTERNAL:000000c3
WINMM.DLL	joyGetPos	EXTERNAL:000000c4
WINMM.DLL	waveOutClose	EXTERNAL:000000c5
WINMM.DLL	timeGetTime	EXTERNAL:000000c6
COMDLG32.DLL	GetSaveFileNameA	EXTERNAL:000000c7
COMDLG32.DLL	FindTextA	EXTERNAL:000000c8
COMDLG32.DLL	GetOpenFileNameA	EXTERNAL:000000c9
COMDLG32.DLL	PrintDlgA	EXTERNAL:000000ca
COMCTL32.DLL	CreateStatusWindowA	EXTERNAL:000000cb
COMCTL32.DLL	InitCommonControls	EXTERNAL:000000cc
ADVAPI32.DLL	RegCloseKey	EXTERNAL:000000cd
ADVAPI32.DLL	RegQueryValueExA	EXTERNAL:000000ce
ADVAPI32.DLL	RegOpenKeyExA	EXTERNAL:000000cf
SHELL32.DLL	ExtractIconA	EXTERNAL:000000d0
