seed	depth	caller	caller_entry
00430450		<no function>	
0043c860		<no function>	
0043cb90		<no function>	
0043cc70		<no function>	
0043cd00		<no function>	
0043cfa0		<no function>	
0043ce00		<no function>	
00436d80		<no function>	
00436cd0		<no function>	
00548370		<no function>	
004304c0		<no function>	
0042a530		<no function>	
0042a480		<no function>	
00430240		<no function>	
004303e0		<no function>	
0042a3c0		<no function>	
00430570		<no function>	
00404830		<no function>	
004304c0		<no function>	
0041c660		<no function>	
FUN_00419c90	1	FUN_00419e60	00419e60
FUN_00419c90	2	FUN_0041a1b0	0041a1b0
FUN_00419c90	3	FUN_0042a220	0042a220
FUN_00419c90	3	FUN_0041b130	0041b130
FUN_00419c90	3	FUN_0041aa00	0041aa00
FUN_00419c90	3	FUN_0041ad10	0041ad10
FUN_00419c90	3	FUN_0041df60	0041df60
FUN_00419c90	4	FUN_0041b2b0	0041b2b0
FUN_00419c90	4	FUN_0041a6f0	0041a6f0
FUN_00419c90	4	FUN_00418a80	00418a80
00418160		<no function>	
004419c0		<no function>	
00447440		<no function>	
00441e70		<no function>	
0044e9f0		<no function>	
00414980		<no function>	
00444d90		<no function>	
0043d310		<no function>	
00437db0		<no function>	
004459e0		<no function>	
00446310		<no function>	
00445ee0		<no function>	
004300d0		<no function>	
