address	length_bytes	data_type	value_preview
00433ecc	8	string	"floor"
0043439e	12	TerminatedCString	"DeleteFileA"
004343ac	12	TerminatedCString	"CloseHandle"
004343ba	10	TerminatedCString	"WriteFile"
004343c6	12	TerminatedCString	"CreateFileA"
004343d4	9	TerminatedCString	"lstrlenA"
004343e0	20	TerminatedCString	"WideCharToMultiByte"
004343f6	9	TerminatedCString	"lstrlenW"
00434402	20	TerminatedCString	"MultiByteToWideChar"
00434418	17	TerminatedCString	"GetTempFileNameA"
0043442c	13	TerminatedCString	"GetTempPathA"
0043443c	21	TerminatedCString	"GetCurrentDirectoryA"
00434454	15	TerminatedCString	"CompareStringA"
00434466	13	TerminatedCString	"GetStdHandle"
00434476	9	TerminatedCString	"ReadFile"
00434482	12	TerminatedCString	"GetFileSize"
00434490	12	TerminatedCString	"SetFileTime"
0043449e	19	TerminatedCString	"GetFileAttributesA"
004344b4	19	TerminatedCString	"SetFileAttributesA"
004344ca	15	TerminatedCString	"SetFilePointer"
004344dc	13	TerminatedCString	"LoadLibraryA"
004344ec	12	TerminatedCString	"FreeLibrary"
004344fa	13	TerminatedCString	"LockResource"
0043450a	13	TerminatedCString	"LoadResource"
0043451a	15	TerminatedCString	"SizeofResource"
0043452c	14	TerminatedCString	"FindResourceA"
0043453c	16	TerminatedCString	"GetCommandLineA"
0043454e	19	TerminatedCString	"GetModuleFileNameA"
00434564	13	TerminatedCString	"GetLocalTime"
00434574	15	TerminatedCString	"GetProcAddress"
00434586	21	TerminatedCString	"GetUserDefaultLangID"
0043459e	7	TerminatedCString	"GetACP"
004345a8	17	TerminatedCString	"GetModuleHandleA"
004345bc	14	TerminatedCString	"GetVersionExA"
004345cc	11	TerminatedCString	"GetVersion"
004345da	12	TerminatedCString	"ExitProcess"
004345e8	19	TerminatedCString	"GetExitCodeProcess"
004345fe	20	TerminatedCString	"WaitForSingleObject"
00434614	21	TerminatedCString	"GetWindowsDirectoryA"
0043462c	21	TerminatedCString	"SetCurrentDirectoryA"
00434644	15	TerminatedCString	"CreateProcessA"
00434656	17	TerminatedCString	"CreateDirectoryA"
0043466a	17	TerminatedCString	"SetConsoleTitleA"
0043467e	10	TerminatedCString	"HeapAlloc"
0043468a	11	TerminatedCString	"HeapCreate"
00434698	12	TerminatedCString	"HeapDestroy"
004346a6	9	TerminatedCString	"HeapFree"
004346b2	12	TerminatedCString	"HeapReAlloc"
004346c0	9	TerminatedCString	"HeapSize"
004346cc	13	TerminatedCString	"VirtualAlloc"
004346dc	12	TerminatedCString	"VirtualFree"
004346ea	13	TerminatedCString	"AllocConsole"
004346fa	18	TerminatedCString	"GetDiskFreeSpaceA"
0043470e	17	TerminatedCString	"GetFullPathNameA"
00434722	12	TerminatedCString	"FreeConsole"
00434730	16	TerminatedCString	"SetVolumeLabelA"
00434742	13	TerminatedCString	"SetEndOfFile"
00434752	13	TerminatedCString	"SetLocalTime"
00434762	27	TerminatedCString	"WritePrivateProfileStringA"
00434780	17	TerminatedCString	"RemoveDirectoryA"
00434794	10	TerminatedCString	"FindClose"
004347a0	22	TerminatedCString	"GetVolumeInformationA"
004347b8	17	TerminatedCString	"GetLogicalDrives"
004347cc	15	TerminatedCString	"FindFirstFileA"
004347de	10	TerminatedCString	"CopyFileA"
004347ea	10	TerminatedCString	"MoveFileA"
004347f6	11	TerminatedCString	"GlobalFree"
00434804	21	TerminatedCString	"FileTimeToSystemTime"
0043481c	24	TerminatedCString	"LocalFileTimeToFileTime"
00434836	21	TerminatedCString	"SystemTimeToFileTime"
0043484e	24	TerminatedCString	"FileTimeToLocalFileTime"
00434868	14	TerminatedCString	"GetDriveTypeA"
00434878	24	TerminatedCString	"QueryPerformanceCounter"
00434892	26	TerminatedCString	"QueryPerformanceFrequency"
004348ae	14	TerminatedCString	"FindNextFileA"
004348be	25	TerminatedCString	"GetPrivateProfileStringA"
004348d8	13	TerminatedCString	"KERNEL32.dll"
004348e8	14	TerminatedCString	"DestroyCursor"
004348f8	12	TerminatedCString	"DestroyIcon"
00434906	13	TerminatedCString	"CreateCursor"
00434916	11	TerminatedCString	"CharUpperA"
00434924	11	TerminatedCString	"CharLowerA"
00434932	15	TerminatedCString	"GetWindowTextA"
00434944	21	TerminatedCString	"GetWindowTextLengthA"
0043495c	15	TerminatedCString	"SetWindowTextA"
0043496e	11	TerminatedCString	"GetDlgItem"
0043497c	10	TerminatedCString	"ReleaseDC"
00434988	6	TerminatedCString	"GetDC"
00434990	17	TerminatedCString	"GetSystemMetrics"
004349a4	20	TerminatedCString	"GetForegroundWindow"
004349ba	20	TerminatedCString	"SetForegroundWindow"
004349d0	13	TerminatedCString	"SetWindowPos"
004349e0	22	TerminatedCString	"SystemParametersInfoA"
004349f8	14	TerminatedCString	"GetWindowRect"
00434a08	14	TerminatedCString	"GetClassNameA"
00434a18	9	TerminatedCString	"GetFocus"
00434a24	19	TerminatedCString	"AdjustWindowRectEx"
00434a3a	9	TerminatedCString	"SetFocus"
00434a46	11	TerminatedCString	"ShowWindow"
00434a54	15	TerminatedCString	"SetWindowLongA"
00434a66	16	TerminatedCString	"CreateWindowExA"
00434a78	15	TerminatedCString	"RegisterClassA"
00434a8a	12	TerminatedCString	"LoadCursorA"
00434a98	10	TerminatedCString	"LoadIconA"
00434aa4	12	TerminatedCString	"GetSysColor"
00434ab2	21	TerminatedCString	"EnumDisplaySettingsA"
00434aca	23	TerminatedCString	"ChangeDisplaySettingsA"
00434ae4	11	TerminatedCString	"ShowCursor"
00434af2	9	TerminatedCString	"IsZoomed"
00434afe	14	TerminatedCString	"GetClientRect"
00434b0e	11	TerminatedCString	"MoveWindow"
00434b1c	15	TerminatedCString	"ClientToScreen"
00434b2e	17	TerminatedCString	"GetAsyncKeyState"
00434b42	12	TerminatedCString	"GetKeyState"
00434b50	15	TerminatedCString	"ScreenToClient"
00434b62	23	TerminatedCString	"RegisterWindowMessageA"
00434b7c	13	TerminatedCString	"SendMessageA"
00434b8c	15	TerminatedCString	"GetWindowLongA"
00434b9e	10	TerminatedCString	"GetWindow"
00434baa	9	TerminatedCString	"IsWindow"
00434bb6	13	TerminatedCString	"SetScrollPos"
00434bc6	10	TerminatedCString	"DrawTextA"
00434bd2	9	TerminatedCString	"FillRect"
00434bde	13	TerminatedCString	"GetCursorPos"
00434bee	16	TerminatedCString	"PostQuitMessage"
00434c00	15	TerminatedCString	"DefWindowProcA"
00434c12	12	TerminatedCString	"MessageBoxA"
00434c20	13	TerminatedCString	"UpdateWindow"
00434c30	15	TerminatedCString	"InvalidateRect"
00434c42	13	TerminatedCString	"EnableWindow"
00434c52	14	TerminatedCString	"SetScrollInfo"
00434c62	14	TerminatedCString	"DestroyWindow"
00434c72	15	TerminatedCString	"CharToOemBuffA"
00434c84	15	TerminatedCString	"OemToCharBuffA"
00434c96	9	TerminatedCString	"IsIconic"
00434ca2	9	TerminatedCString	"EndPaint"
00434cae	11	TerminatedCString	"BeginPaint"
00434cbc	17	TerminatedCString	"SetKeyboardState"
00434cd0	17	TerminatedCString	"GetKeyboardState"
00434ce4	13	TerminatedCString	"PeekMessageA"
00434cf4	17	TerminatedCString	"DispatchMessageA"
00434d08	17	TerminatedCString	"TranslateMessage"
00434d1c	17	TerminatedCString	"IsDialogMessageA"
00434d30	12	TerminatedCString	"GetMessageA"
00434d3e	10	TerminatedCString	"KillTimer"
00434d4a	9	TerminatedCString	"SetTimer"
00434d56	19	TerminatedCString	"SetWindowPlacement"
00434d6c	19	TerminatedCString	"GetWindowPlacement"
00434d82	10	TerminatedCString	"SetCursor"
00434d8e	13	TerminatedCString	"SetCursorPos"
00434d9e	10	TerminatedCString	"EndDialog"
00434daa	16	TerminatedCString	"DialogBoxParamA"
00434dba	11	TerminatedCString	"USER32.dll"
00434dc8	13	TerminatedCString	"DeleteObject"
00434dd8	15	TerminatedCString	"RealizePalette"
00434dea	14	TerminatedCString	"SelectPalette"
00434dfa	14	TerminatedCString	"GetDeviceCaps"
00434e0a	14	TerminatedCString	"CreatePalette"
00434e1a	17	TerminatedCString	"CreateSolidBrush"
00434e2e	11	TerminatedCString	"SetBkColor"
00434e3c	15	TerminatedCString	"GetStockObject"
00434e4e	13	TerminatedCString	"SetTextColor"
00434e5e	14	TerminatedCString	"StretchDIBits"
00434e6e	18	TerminatedCString	"SetStretchBltMode"
00434e82	12	TerminatedCString	"CreateFontA"
00434e90	9	TerminatedCString	"DeleteDC"
00434e9c	10	TerminatedCString	"GetDIBits"
00434ea8	9	TerminatedCString	"TextOutA"
00434eb4	22	TerminatedCString	"GetTextExtentPoint32A"
00434ecc	13	TerminatedCString	"SelectObject"
00434edc	19	TerminatedCString	"CreateCompatibleDC"
00434ef2	13	TerminatedCString	"CreateBitmap"
00434f02	7	TerminatedCString	"BitBlt"
00434f0c	23	TerminatedCString	"CreateCompatibleBitmap"
00434f26	10	TerminatedCString	"CreateDCA"
00434f32	7	TerminatedCString	"EndDoc"
00434f3c	8	TerminatedCString	"EndPage"
00434f46	10	TerminatedCString	"StartPage"
00434f52	10	TerminatedCString	"StartDocA"
00434f5e	18	TerminatedCString	"EnumFontFamiliesA"
00434f70	10	TerminatedCString	"GDI32.dll"
00434f7c	15	TerminatedCString	"acmStreamClose"
00434f8e	25	TerminatedCString	"acmStreamUnprepareHeader"
00434faa	17	TerminatedCString	"acmStreamConvert"
00434fbe	23	TerminatedCString	"acmStreamPrepareHeader"
00434fd8	14	TerminatedCString	"acmStreamSize"
00434fe8	14	TerminatedCString	"acmStreamOpen"
00434ff8	17	TerminatedCString	"acmFormatSuggest"
0043500a	12	TerminatedCString	"MSACM32.dll"
00435018	10	TerminatedCString	"joyGetPos"
00435024	15	TerminatedCString	"joyGetDevCapsA"
00435036	16	TerminatedCString	"mciSendCommandA"
00435048	12	TerminatedCString	"timeGetTime"
00435056	12	TerminatedCString	"waveOutOpen"
00435064	13	TerminatedCString	"waveOutClose"
00435074	23	TerminatedCString	"waveOutUnprepareHeader"
0043508e	13	TerminatedCString	"waveOutReset"
0043509e	19	TerminatedCString	"waveOutGetPosition"
004350b4	15	TerminatedCString	"waveOutRestart"
004350c6	13	TerminatedCString	"waveOutPause"
004350d6	13	TerminatedCString	"waveOutWrite"
004350e6	21	TerminatedCString	"waveOutPrepareHeader"
004350fc	10	TerminatedCString	"WINMM.dll"
00435108	10	TerminatedCString	"FindTextA"
00435114	10	TerminatedCString	"PrintDlgA"
00435120	17	TerminatedCString	"GetOpenFileNameA"
00435134	17	TerminatedCString	"GetSaveFileNameA"
00435146	13	TerminatedCString	"comdlg32.dll"
00435154	13	TerminatedCString	"COMCTL32.dll"
00435164	12	TerminatedCString	"RegCloseKey"
00435172	17	TerminatedCString	"RegQueryValueExA"
00435186	14	TerminatedCString	"RegOpenKeyExA"
00435194	13	TerminatedCString	"ADVAPI32.dll"
004351a4	13	TerminatedCString	"ExtractIconA"
004351b2	12	TerminatedCString	"SHELL32.dll"
004351c0	15	TerminatedCString	"RaiseException"
004364c4	20	string	"Gemtree 32-compiler"
004364d8	32	string	"Software\\\\Gemtree Software\\\\Peter"
004365a4	16	string	"Wszystkie pliki"
004365b4	7	string	"Anuluj"
004365bc	67	string	"Ich bedauere, das Programm wird wegen Speicherplatzmangel beendet!"
00436600	20	string	"Speicherplatzmangel"
00436614	13	string	"Alle Dateien"
00436624	10	string	"Abbrechen"
00436682	14	string	"echny soubory"
00436690	7	string	"Storno"
00436698	71	string	"Sorry, this program will be terminated due to the insufficient memory!"
004366e0	20	string	"Insufficient Memory"
004366f4	10	string	"All files"
00436700	7	string	"Cancel"
00436708	7	string	"LOADER"
00436710	20	string	"GetDiskFreeSpaceExA"
00436724	13	string	"KERNEL32.DLL"
00436734	9	string	"Language"
00436740	16	string	"\\\\command.com /c"
00436750	21	string	"\\\\system32\\\\cmd.exe /c"
00436780	15	string	"PeterProgClass"
004367a0	20	string	"commdlg_FindReplace"
0043691c	7	string	"Button"
0043692c	9	string	"RichEdit"
00436938	8	string	"Listbox"
00436940	9	string	"Combobox"
0043694c	7	string	"Static"
00436954	16	string	"SysTabControl32"
00436964	7	string	"Impact"
0043696c	6	string	"Arial"
00436974	16	string	"Times New Roman"
00436984	12	string	"Courier New"
00436990	8	string	"cdaudio"
00436998	12	string	"ALIASES.INI"
004369a4	8	string	"LANGID "
004369b0	8	string	"DISPLAY"
004369b8	6	string	"{\\\\RTF"
004369cc	10	string	"sequencer"
004369d8	18	string	"msctls_progress32"
004369ec	18	string	"msctls_trackbar32"
00436a00	10	string	"SCROLLBAR"
00436a0c	13	string	"RICHED32.DLL"
00436a1c	14	string	"SysListView32"
00436a48	18	string	"DirectSoundCreate"
00436a5c	11	string	"DSOUND.DLL"
00436a70	7	string	" (*.*)"
00440018	12	string	"IMPORT  "
00440038	12	string	"CLASS   "
00440058	12	string	"GLOBAL  "
00440078	12	string	"LOCAL   "
00440098	12	string	"PROGRAM "
004400b8	12	string	"STRUC   "
004400d8	12	string	"REAL    "
004401b8	12	string	"SOUND   "
004401d8	12	string	"MUSIC   "
004401f8	12	string	"PALETTE "
0045b86f	9	string	"skupina"
0045bccf	9	string	"skupina"
0045c841	11	string	"skupina"
0045d240	16	string	"schovy Desktop!"
0045d2af	9	string	"stroje!"
0045d613	29	string	" plamen, 6=barva, 7=termit)\\n"
0045d632	14	string	"rychlost X\\n"
0045d6cc	12	string	"ela stav\\n"
0045d6e6	18	string	"obsluha kladiva!"
0045dde8	17	string	"sahu kladivem 8\\r"
0045e717	17	string	"sahu kulometem$"
0045e829	19	string	"bojnice kulometu&"
0045eaa0	12	string	"bojnice 9\\r"
0045ec74	12	string	"ho plamene%"
0045ef0f	21	string	"barvomet v pohybu\\r"
0045ef35	15	string	"barvomet stav\\r"
0045f711	15	string	"zer v pohybu\\n"
0045f961	11	string	"zerem 10\\n"
004600df	17	string	"pozice volby X\\r"
0046052d	11	string	"offset Y\\t"
00460539	11	string	"jas barvy\\r"
00460867	9	string	"kulomet\\t"
00460874	9	string	"bojnice\\n"
00460a87	14	string	"volba funkce\\t"
00460a97	13	string	"-1: konec\\n"
00460ab2	14	string	"1: motorovka\\n"
00460ac2	14	string	"2: kulomet\\r"
00460ba8	8	string	"strojeA"
00460c5c	13	string	"nat termiti-"
00460cee	11	string	" na volbuA"
00460d96	14	string	"zku Desktop-"
00460e40	20	string	"es celou obrazovku("
00460e6c	20	string	"es celou obrazovku-"
004613ba	15	string	" lince barev)%"
004623df	9	string	"sprite"
0046240d	7	string	"sprite"
0046243b	9	string	"sprite"
004624bc	8	string	"number"
004624da	10	string	"number"
004624ec	8	string	"number"
00462512	10	string	"number"
00462524	8	string	"sprite\\n"
0046253c	12	string	"vertical\\t"
00462573	9	string	"state"
00462632	10	string	"skupina"
0046288e	30	string	"execute commands in case of"
00462a83	9	string	"skupina"
00462ba0	28	string	"execute commands in case of"
00462bea	30	string	"execute commands in case of"
00462d4b	29	string	"execute commands in case of"
00462d76	30	string	"execute commands in case of"
00462dbe	30	string	"execute commands in case of!"
00462ddd	35	string	"conditional executing of commands"
00462eaf	29	string	"execute commands in case of"
00462f03	29	string	"execute commands in case of!"
00462f22	34	string	"conditional executing of commands"
0046300b	13	string	"draw picture"
0046311d	31	string	"execute commands in case of"
0046314c	28	string	"execute commands in case of"
00463177	37	string	"conditional executing of commands"
00463224	36	string	"conditional executing of commands!"
00463249	35	string	"conditional executing of commands"
004632bf	37	string	"conditional executing of commands"
004632e8	44	string	"command repeating with specified run number"
0046331f	45	string	"command repeating with specified run number"
004633b2	14	string	"draw picture"
004633d2	46	string	"command repeating with specified run number"
004634be	30	string	"execute commands in case of"
00463623	9	string	"group"
00463657	9	string	"then do"
0046367a	35	string	"conditional executing of commands+"
0046369f	45	string	"command repeating with specified run number"
004636d6	10	string	"else do"
004637ab	29	string	"execute commands in case of"
004637fd	35	string	"conditional executing of commands\\n"
00463822	14	string	"play sound\\n"
00463830	12	string	"play sound!"
0046383e	35	string	"conditional executing of commands\\n"
00463863	13	string	"play sound\\n"
00463871	11	string	"play sound"
004638ba	35	string	"conditional executing of commands!"
004638df	37	string	"conditional executing of commands\\n"
00463904	12	string	"play sound"
00463a10	28	string	"execute commands in case of"
00463a6e	34	string	"conditional executing of commands"
00463ea6	14	string	"play sound"
00463f8a	38	string	"grundlegende Variable und Funktionen"
00463fba	14	string	"Gegenstand"
0046427c	12	string	"Sprite 25"
004647bb	9	string	"Nummer 2"
0046480c	12	string	"Nummer 3"
0046481c	8	string	"Sprite"
0046484a	10	string	"Sprite"
00464878	8	string	"Sprite"
004648f9	7	string	"Nummer"
00464917	9	string	"Nummer"
00464929	7	string	"Nummer"
0046494f	9	string	"Nummer"
00464961	8	string	"Sprite\\n"
004649b5	11	string	"Zustand"
004649c4	12	string	"Nummer 2\\n"
004649d0	12	string	"Funktion 3"
004649fc	12	string	"Nummer 3\\n"
00464a7e	10	string	"Gruppe"
00464aa4	21	string	"Zeichnen des Bildes!"
00464abb	37	string	"bedingte Wiederholung der Befehle#"
00464d03	29	string	"hre die Befehle aus, falls"
00464dd8	32	string	"bedingter Vollzug der Befehle'"
00464df9	43	string	"Einstellung der Gestalt des Mauszeigers!"
00464e49	31	string	"bedingter Vollzug der Befehle"
00464ea7	33	string	"bedingter Vollzug der Befehle!"
00464eed	23	string	"Zeichnen des Bildes'"
00464f2f	9	string	"Gruppe"
00464f5d	8	string	"Gruppe'"
00464f92	30	string	"bedingter Vollzug der Befehle"
00464fb7	33	string	"bedingter Vollzug der Befehle#"
00465061	27	string	"hre die Befehle aus, falls"
004650ad	27	string	"hre die Befehle aus, falls"
004650cf	33	string	"bedingter Vollzug der Befehle#"
00465219	27	string	"hre die Befehle aus, falls"
00465245	27	string	"hre die Befehle aus, falls"
004652a8	32	string	"bedingter Vollzug der Befehle"
004652db	29	string	"hre die Befehle aus, falls#"
00465382	30	string	"hre die Befehle aus, falls"
004653f1	31	string	"bedingter Vollzug der Befehle"
004654e1	23	string	"Zeichnen des Bildes"
00465609	27	string	"hre die Befehle aus, falls"
00465639	27	string	"hre die Befehle aus, falls"
00465663	33	string	"bedingter Vollzug der Befehle"
00465735	31	string	"bedingter Vollzug der Befehle"
0046575a	38	string	"Wiederholung der Befehle mit Anzahl"
00465789	31	string	"bedingter Vollzug der Befehle"
004657b2	30	string	"bedingter Vollzug der Befehle"
004657d7	37	string	"Wiederholung der Befehle mit Anzahl"
00465806	38	string	"Wiederholung der Befehle mit Anzahl"
00465891	23	string	"Zeichnen des Bildes"
004658b8	36	string	"Wiederholung der Befehle mit Anzahl"
004659a8	28	string	"hre die Befehle aus, falls"
00465b16	10	string	"Gruppe"
00465b28	32	string	"bedingter Vollzug der Befehle"
00465b54	12	string	"hre durch"
00465b79	31	string	"bedingter Vollzug der Befehle#"
00465b9a	38	string	"Wiederholung der Befehle mit Anzahl"
00465bd1	11	string	"hre durch"
00465be6	31	string	"bedingter Vollzug der Befehle#"
00465cb0	28	string	"hre die Befehle aus, falls"
00465cde	30	string	"bedingter Vollzug der Befehle"
00465d7e	18	string	"Audiowiedergabe"
00465da9	31	string	"bedingter Vollzug der Befehle"
00465e10	16	string	"Audiowiedergabe"
00465f30	28	string	"hre die Befehle aus, falls"
00465f66	30	string	"bedingter Vollzug der Befehle"
00465f8f	33	string	"bedingter Vollzug der Befehle"
00465fc7	33	string	"bedingter Vollzug der Befehle#"
00465fe8	36	string	"Mehrstufige Verzweigung der Befehle"
00466153	21	string	"Zeichnen des Bildes"
0046617a	30	string	"bedingter Vollzug der Befehle"
004661e5	19	string	"Audiowiedergabe#"
004661f8	36	string	"Mehrstufige Verzweigung der Befehle"
0046637a	30	string	"bedingter Vollzug der Befehle"
004663e5	19	string	"Audiowiedergabe"
00466441	31	string	"bedingter Vollzug der Befehle"
0046648b	33	string	"bedingter Vollzug der Befehle"
00466d27	9	string	"sprite"
00466d55	7	string	"sprite"
00466d83	9	string	"sprite"
00466e04	8	string	"number"
00466e22	10	string	"number"
00466e34	8	string	"number"
00466e5a	10	string	"number"
00466e6c	8	string	"sprite\\n"
00466e84	12	string	"vertical\\t"
00466ebb	9	string	"state"
00466f7a	10	string	"skupina"
004671d6	30	string	"execute commands in case of"
004673cb	9	string	"skupina"
004674e8	28	string	"execute commands in case of"
00467532	30	string	"execute commands in case of"
00467693	29	string	"execute commands in case of"
004676be	30	string	"execute commands in case of"
00467706	30	string	"execute commands in case of!"
00467725	35	string	"conditional executing of commands"
004677f7	29	string	"execute commands in case of"
0046784b	29	string	"execute commands in case of!"
0046786a	34	string	"conditional executing of commands"
00467953	13	string	"draw picture"
00467a65	31	string	"execute commands in case of"
00467a94	28	string	"execute commands in case of"
00467abf	37	string	"conditional executing of commands"
00467b6c	36	string	"conditional executing of commands!"
00467b91	35	string	"conditional executing of commands"
00467c07	37	string	"conditional executing of commands"
00467c30	44	string	"command repeating with specified run number"
00467c67	45	string	"command repeating with specified run number"
00467cfa	14	string	"draw picture"
00467d1a	46	string	"command repeating with specified run number"
00467e06	30	string	"execute commands in case of"
00467f6b	9	string	"group"
00467f9f	9	string	"then do"
00467fc2	35	string	"conditional executing of commands+"
00467fe7	45	string	"command repeating with specified run number"
0046801e	10	string	"else do"
004680f3	29	string	"execute commands in case of"
00468145	35	string	"conditional executing of commands\\n"
0046816a	14	string	"play sound\\n"
00468178	12	string	"play sound!"
00468186	35	string	"conditional executing of commands\\n"
004681ab	13	string	"play sound\\n"
004681b9	11	string	"play sound"
00468202	35	string	"conditional executing of commands!"
00468227	37	string	"conditional executing of commands\\n"
0046824c	12	string	"play sound"
00468358	28	string	"execute commands in case of"
004683b6	34	string	"conditional executing of commands"
004687ee	14	string	"play sound"
004688d2	31	string	"basic variables and functions\\r"
00468956	34	string	"introduction picture (English)"
0046897c	28	string	"picture to storage Desktop%"
004689c3	33	string	"initialization of Desktop mode\\t"
004689f2	27	string	"picture of tool selection#"
00468a90	16	string	"cursor visible\\r"
00468b29	11	string	"control%"
00468b8a	18	string	"tool horizontal\\r"
00468bd0	13	string	"tool moving\\n"
00468bdf	13	string	"tool phase\\n"
00468c0f	33	string	"calculation of sound stereobase "
00468d1f	29	string	"index increment of bulletj"
00468e06	18	string	"bullet visible\\r"
00468e39	15	string	"bullet state\\t"
00468e56	18	string	"hammer service$"
00469ff7	30	string	"sprite of hit by machine gun'"
0046a017	41	string	"sprite of hit by machine gun horizontal%"
0046a042	39	string	"sprite of hit by machine gun vertical&"
0046a06b	41	string	"sprite of hit by machine gun direction$"
0046a095	39	string	"sprite of hit by machine gun visible#"
0046a0bd	39	string	"sprite of hit by machine gun moving\\""
0046a0e4	36	string	"sprite of hit by machine gun phase\\""
0046a10a	38	string	"sprite of hit by machine gun state "
0046a130	36	string	"sprite of shell from machine gun+"
0046a154	45	string	"sprite of shell from machine gun horizontal)"
0046a183	45	string	"sprite of shell from machine gun vertical*"
0046a1b0	44	string	"sprite of shell from machine gun direction("
0046a1de	42	string	"sprite of shell from machine gun visible'"
0046a20a	42	string	"sprite of shell from machine gun moving&"
0046a235	40	string	"sprite of shell from machine gun phase&"
0046a5d7	26	string	"sprite of standing flame#"
0046a5f3	37	string	"sprite of standing flame horizontal!"
0046a61a	35	string	"sprite of standing flame vertical\\""
0046a63f	37	string	"sprite of standing flame direction "
0046a722	7	string	"Flame\\t"
0046af0e	22	string	"Color-thrower drop "
0046af24	36	string	"pictures of hit by color-thrower!"
0046af48	36	string	"picture of hit by color-thrower 1!"
0046af6d	35	string	"picture of hit by color-thrower 2!"
0046af92	35	string	"picture of hit by color-thrower 3!"
0046afb7	37	string	"picture of hit by color-thrower 4!"
0046afdc	36	string	"picture of hit by color-thrower 5\\t"
0046b070	16	string	"phaser visible\\r"
0046b32d	19	string	"stamp direction\\r"
0046b48f	26	string	"picture of stamp print 3\\""
0046b4d1	27	string	"picture of stamp print 4\\""
0046b59f	29	string	"picture of stamp print 10\\n"
0046b7db	17	string	"termite moving\\r"
0046b7ed	15	string	"termite phase\\r"
0046b7fe	15	string	"termite state\\r"
0046b833	14	string	"dead termite\\n"
0046b8e2	18	string	"washing moving\\r"
0046b8f4	16	string	"washing phase\\r"
0046baa0	16	string	"screen width\\r"
0046bc77	17	string	"hit dispersion\\r"
0046c19b	21	string	"discharge counter\\n"
0046c1b0	12	string	"function 3\\r"
0046c1be	15	string	"print picture\\n"
0046c23b	9	string	"hammer\\t"
0046c261	7	string	"shell\\r"
0046c26a	15	string	"flame-thrower\\r"
0046c297	14	string	"introductionB"
0046c304	24	string	"Czech, Polish, Slovak"
0046c372	26	string	"key input from keyboard"
0046c3a8	21	string	"else end of waiting/"
0046c3bf	49	string	"choice function, if it was not performed by key0"
0046c3f2	50	string	"storage of button state (only for clearing flag)0"
0046c45a	30	string	"service of selected function"
0046c47e	10	string	"-1: end\\t"
0046c4cc	20	string	"4: color-thrower\\t"
0046c4ed	11	string	"6: stamp\\n"
0046c4f9	12	string	"7: termite\\n"
0046c507	13	string	"8: washing"
0046c525	35	string	"conditional executing of commands!"
0046c57f	14	string	"draw picture="
0046c58f	65	string	"storage of button state (only for clearing button click flag)="
0046c611	20	string	"switch off bullets!"
0046c627	37	string	"termites will not be switched off/"
0046c69d	15	string	"cursor service"
0046c6f0	32	string	"right button - switch menu off!"
0046c737	22	string	"draw Desktop picture0"
0046c79d	11	string	"Wait..."
0046c7b4	29	string	"determine screen dimensions "
0046c7d3	34	string	"setting window over whole screen\\""
0046c81d	31	string	"setting shape of mouse cursor"
0046c852	22	string	"random hit picture"
0046c88e	10	string	"2: shell"
0046c8b4	28	string	"random sound of shell drop"
0046c902	26	string	"3: potsherd or splinter"
0046c959	23	string	"test of flame arrival"
0046c997	33	string	"multibranch control structure"
0046c9fd	23	string	"test of color arrival"
0046ca1e	26	string	"random picture of blot"
0046ca4c	16	string	"draw picture"
0046cacd	11	string	"7: termite"
0046cae7	17	string	"termite movement"
0046cb5f	25	string	"Y limitation from above\\r"
0046cb8b	17	string	"sound of termite"
0046cba3	21	string	"search new bullet"
0046cbc0	41	string	"evocation of menu by right mouse button%"
0046cc1b	13	string	"hit service"
0046cc2e	54	string	"detection of color brightness in destination place"
0046cc6c	36	string	"detection of brightness in one line"
0046cc9f	45	string	"sound by color brightness below mouse cursor"
0046ccff	21	string	"random hit picture"
0046cd35	15	string	"draw picture"
0046cd55	19	string	"create potsherds"
0046cd89	19	string	"random potsherd"
0046cde8	24	string	"sprite initialization"
0046ce43	9	string	"sawing"
0046ce75	19	string	"create splinters"
0046ce91	15	string	"transportation"
0046ceba	18	string	"random splinter"
0046cef1	35	string	"call menu by right mouse button"
0046cf18	12	string	"shooting\\n"
0046cf24	12	string	"play sound\\n"
0046cf40	20	string	"terminate sounds/"
0046cf87	17	string	"play sound - end"
0046cfb3	33	string	"call menu by right mouse button"
0046cffa	26	string	"play sound of shooting"
0046d018	16	string	"random color"
0046d060	32	string	"call menu by right mouse button"
0046d08b	13	string	"begin shoot"
0046d0c9	19	string	"random hit picture"
0046d10b	13	string	"draw picture"
0046d12b	33	string	"call menu by right mouse button"
0046d194	16	string	"random picture"
0046d1eb	33	string	"call menu by right mouse button"
0046d241	23	string	"play sound of washing"
0046d297	33	string	"call menu by right mouse button"
0046d2d6	18	string	"it is first push"
0046d310	28	string	"sico metamorfosis e cargo"
0046d961	7	string	"group"
0046db85	7	string	"sprite"
0046dbb3	9	string	"sprite"
0046dbe1	7	string	"sprite"
0046dc62	10	string	"number"
0046dc80	8	string	"number"
0046dc92	10	string	"number"
0046dcb8	8	string	"number"
0046dcca	10	string	"sprite\\n"
0046dce2	10	string	"vertical\\t"
0046dd19	7	string	"state"
0046ddd8	8	string	"skupina"
0046e034	28	string	"execute commands in case of"
0046e229	11	string	"skupina"
0046e346	30	string	"execute commands in case of"
0046e390	28	string	"execute commands in case of"
0046e4f1	31	string	"execute commands in case of"
0046e51c	28	string	"execute commands in case of"
0046e564	29	string	"execute commands in case of!"
0046e583	37	string	"conditional executing of commands"
0046e655	31	string	"execute commands in case of"
0046e6a9	31	string	"execute commands in case of!"
0046e6c8	36	string	"conditional executing of commands"
0046e7b1	15	string	"draw picture"
0046e8c3	29	string	"execute commands in case of"
0046e8f2	30	string	"execute commands in case of"
0046e91d	35	string	"conditional executing of commands"
0046e9ca	35	string	"conditional executing of commands!"
0046e9ef	37	string	"conditional executing of commands"
0046ea65	35	string	"conditional executing of commands"
0046ea8e	46	string	"command repeating with specified run number"
0046eac5	47	string	"command repeating with specified run number"
0046eb58	16	string	"draw picture"
0046eb78	44	string	"command repeating with specified run number"
0046ec64	28	string	"execute commands in case of"
0046edc9	7	string	"group"
0046edfd	11	string	"then do"
0046ee20	36	string	"conditional executing of commands+"
0046ee45	47	string	"command repeating with specified run number"
0046ee7c	8	string	"else do"
0046ef51	31	string	"execute commands in case of"
0046efa3	37	string	"conditional executing of commands\\n"
0046efc8	12	string	"play sound\\n"
0046efd6	14	string	"play sound!"
0046efe4	36	string	"conditional executing of commands\\n"
0046f009	12	string	"play sound\\n"
0046f017	13	string	"play sound"
0046f060	36	string	"conditional executing of commands!"
0046f085	35	string	"conditional executing of commands\\n"
0046f0aa	14	string	"play sound"
0046f1b6	30	string	"execute commands in case of"
0046f214	36	string	"conditional executing of commands"
0046f64c	12	string	"play sound"
0046f964	8	string	"group"
0046ff8c	8	string	"sprite"
0046ffba	10	string	"sprite"
0046ffe8	8	string	"sprite"
00470069	7	string	"number"
00470087	9	string	"number"
00470099	7	string	"number"
004700bf	9	string	"number"
004700d1	8	string	"sprite\\n"
004700e9	11	string	"vertical\\t"
00470120	8	string	"state"
004701df	9	string	"skupina"
0047043b	29	string	"execute commands in case of"
00470630	8	string	"skupina"
0047074d	31	string	"execute commands in case of"
00470797	29	string	"execute commands in case of"
004708f8	28	string	"execute commands in case of"
00470923	29	string	"execute commands in case of"
0047096b	29	string	"execute commands in case of!"
0047098a	34	string	"conditional executing of commands"
00470a5c	28	string	"execute commands in case of"
00470ab0	29	string	"execute commands in case of!"
00470acf	37	string	"conditional executing of commands"
00470bb8	16	string	"draw picture"
00470cca	30	string	"execute commands in case of"
00470cf9	31	string	"execute commands in case of"
00470d24	36	string	"conditional executing of commands"
00470dd1	35	string	"conditional executing of commands!"
00470df6	34	string	"conditional executing of commands"
00470e6c	36	string	"conditional executing of commands"
00470e95	47	string	"command repeating with specified run number"
00470ecc	44	string	"command repeating with specified run number"
00470f5f	13	string	"draw picture"
00470f7f	45	string	"command repeating with specified run number"
0047106b	29	string	"execute commands in case of"
004711d0	8	string	"group"
00471204	8	string	"then do"
00471227	37	string	"conditional executing of commands+"
0047124c	44	string	"command repeating with specified run number"
00471283	9	string	"else do"
00471358	28	string	"execute commands in case of"
004713aa	35	string	"conditional executing of commands\\n"
004713cf	13	string	"play sound\\n"
004713dd	12	string	"play sound!"
004713eb	37	string	"conditional executing of commands\\n"
00471410	12	string	"play sound\\n"
0047141e	14	string	"play sound"
00471467	37	string	"conditional executing of commands!"
0047148c	36	string	"conditional executing of commands\\n"
004714b1	11	string	"play sound"
004715bd	31	string	"execute commands in case of"
0047161b	37	string	"conditional executing of commands"
00471a53	13	string	"play sound"
00472398	8	string	"sprite"
004723c6	10	string	"sprite"
004723f4	8	string	"sprite"
00472475	7	string	"number"
00472493	9	string	"number"
004724a5	7	string	"number"
004724cb	9	string	"number"
004724dd	8	string	"sprite\\n"
004724f5	11	string	"vertical\\t"
0047252c	8	string	"state"
004725eb	9	string	"skupina"
00472847	29	string	"execute commands in case of"
00472a3c	8	string	"skupina"
00472b59	31	string	"execute commands in case of"
00472ba3	29	string	"execute commands in case of"
00472d04	28	string	"execute commands in case of"
00472d2f	29	string	"execute commands in case of"
00472d77	29	string	"execute commands in case of!"
00472d96	34	string	"conditional executing of commands"
00472e68	28	string	"execute commands in case of"
00472ebc	29	string	"execute commands in case of!"
00472edb	37	string	"conditional executing of commands"
00472fc4	16	string	"draw picture"
004730d6	30	string	"execute commands in case of"
00473105	31	string	"execute commands in case of"
00473130	36	string	"conditional executing of commands"
004731dd	35	string	"conditional executing of commands!"
00473202	34	string	"conditional executing of commands"
00473278	36	string	"conditional executing of commands"
004732a1	47	string	"command repeating with specified run number"
004732d8	44	string	"command repeating with specified run number"
0047336b	13	string	"draw picture"
0047338b	45	string	"command repeating with specified run number"
00473477	29	string	"execute commands in case of"
004735dc	8	string	"group"
00473610	8	string	"then do"
00473633	37	string	"conditional executing of commands+"
00473658	44	string	"command repeating with specified run number"
0047368f	9	string	"else do"
00473764	28	string	"execute commands in case of"
004737b6	35	string	"conditional executing of commands\\n"
004737db	13	string	"play sound\\n"
004737e9	12	string	"play sound!"
004737f7	37	string	"conditional executing of commands\\n"
0047381c	12	string	"play sound\\n"
0047382a	14	string	"play sound"
00473873	37	string	"conditional executing of commands!"
00473898	36	string	"conditional executing of commands\\n"
004738bd	11	string	"play sound"
004739c9	31	string	"execute commands in case of"
00473a27	37	string	"conditional executing of commands"
00473e5f	13	string	"play sound"
00474a04	8	string	"skupina"
00474e64	8	string	"skupina"
004759d6	10	string	"skupina"
0047632d	31	string	"basic variables and functions"
0047635e	10	string	"sprite 11"
0047637b	9	string	"group"
0047639a	6	string	"group"
0047644f	13	string	"sprite 12"
0047647c	13	string	"function 10\\n"
00476499	7	string	"group"
004764fc	16	string	"index increment"
0047651b	13	string	"sprite 13"
0047656b	13	string	"function 16\\t"
0047657a	10	string	"sprite 14"
004765a3	13	string	"sprite 15"
004765cc	8	string	"group\\t"
004765d5	11	string	"sprite 16"
004765fe	10	string	"sprite 17"
00476627	13	string	"sprite 18"
00476650	12	string	"sprite 19"
00476679	11	string	"sprite 20"
004766a2	6	string	"group"
004766cb	9	string	"group"
0047670c	13	string	"function 18\\t"
0047671b	13	string	"sprite 21"
00476744	12	string	"sprite 22"
0047676d	7	string	"group\\t"
00476776	10	string	"sprite 23"
0047679f	13	string	"sprite 24"
004767c8	12	string	"sprite 25"
004767f1	11	string	"sprite 26"
0047681a	10	string	"sprite 27"
00476843	9	string	"group"
0047686c	12	string	"function 20"
00476883	13	string	"sprite 28"
004768ac	12	string	"sprite 29"
004768d5	11	string	"sprite 30"
004768fe	10	string	"sprite 31"
00476927	9	string	"group"
00476940	8	string	"group"
00476985	15	string	"function 22\\t"
00476994	12	string	"sprite 32"
004769ca	14	string	"horizontal 3\\n"
004769e8	13	string	"direction 3\\t"
00476a1b	9	string	"state 3\\t"
00476a33	14	string	"horizontal 4\\n"
00476a51	15	string	"direction 4\\t"
00476a8f	9	string	"group"
00476aa8	8	string	"group"
00476ad9	15	string	"function 24\\t"
00476ae8	12	string	"sprite 35"
00476b11	7	string	"group\\t"
00476b27	14	string	"horizontal 5\\n"
00476b45	15	string	"direction 5\\t"
00476b78	9	string	"state 5\\t"
00476b90	16	string	"horizontal 6\\n"
00476bae	14	string	"direction 6\\t"
00476be1	11	string	"state 6\\t"
00476bf9	15	string	"horizontal 7\\n"
00476c17	13	string	"direction 7\\t"
00476c4a	10	string	"state 7\\t"
00476c62	14	string	"horizontal 8\\n"
00476c80	13	string	"direction 8\\t"
00476cb3	9	string	"state 8\\t"
00476ccb	14	string	"horizontal 9\\n"
00476ce9	15	string	"direction 9\\t"
00476d1c	9	string	"state 9\\t"
00476d27	13	string	"sprite 41\\r"
00476d54	16	string	"direction 10\\n"
00476d64	12	string	"visible 10\\t"
00476d8b	10	string	"state 10\\t"
00476d97	13	string	"sprite 42\\r"
00476dc4	16	string	"direction 11\\n"
00476dd4	12	string	"visible 11\\t"
00476dfb	10	string	"state 11\\t"
00476e07	13	string	"sprite 43\\r"
00476e34	16	string	"direction 12\\n"
00476e44	12	string	"visible 12\\t"
00476e77	9	string	"group"
00476e88	8	string	"group"
00476eae	10	string	"function\\t"
00476eba	10	string	"sprite 44"
00476ee3	9	string	"sprite 2"
00476f0b	9	string	"group"
00476f18	8	string	"group"
00476f49	7	string	"group\\n"
00476f60	12	string	"sprite 3"
00476f88	12	string	"sprite 4"
00476fb4	8	string	"group"
00476fed	7	string	"group\\n"
00477004	12	string	"sprite 7"
0047702c	12	string	"sprite 8"
00477054	12	string	"sprite 9"
00477091	7	string	"group\\n"
004770b4	12	string	"sprite 5"
004770dc	12	string	"sprite 6"
004771b7	9	string	"sprite"
004771e5	7	string	"sprite"
00477213	9	string	"sprite"
00477294	8	string	"number"
004772b2	10	string	"number"
004772c4	8	string	"number"
004772ea	10	string	"number"
004772fc	8	string	"sprite\\n"
00477314	12	string	"vertical\\t"
0047734b	9	string	"state"
0047740a	10	string	"skupina"
00477666	30	string	"execute commands in case of"
0047785b	9	string	"skupina"
00477978	28	string	"execute commands in case of"
004779c2	30	string	"execute commands in case of"
00477b23	29	string	"execute commands in case of"
00477b4e	30	string	"execute commands in case of"
00477b96	30	string	"execute commands in case of!"
00477bb5	35	string	"conditional executing of commands"
00477c87	29	string	"execute commands in case of"
00477cdb	29	string	"execute commands in case of!"
00477cfa	34	string	"conditional executing of commands"
00477de3	13	string	"draw picture"
00477ef5	31	string	"execute commands in case of"
00477f24	28	string	"execute commands in case of"
00477f4f	37	string	"conditional executing of commands"
00477ffc	36	string	"conditional executing of commands!"
00478021	35	string	"conditional executing of commands"
00478097	37	string	"conditional executing of commands"
004780c0	44	string	"command repeating with specified run number"
004780f7	45	string	"command repeating with specified run number"
0047818a	14	string	"draw picture"
004781aa	46	string	"command repeating with specified run number"
00478296	30	string	"execute commands in case of"
004783fb	9	string	"group"
0047842f	9	string	"then do"
00478452	35	string	"conditional executing of commands+"
00478477	45	string	"command repeating with specified run number"
004784ae	10	string	"else do"
00478583	29	string	"execute commands in case of"
004785d5	35	string	"conditional executing of commands\\n"
004785fa	14	string	"play sound\\n"
00478608	12	string	"play sound!"
00478616	35	string	"conditional executing of commands\\n"
0047863b	13	string	"play sound\\n"
00478649	11	string	"play sound"
00478692	35	string	"conditional executing of commands!"
004786b7	37	string	"conditional executing of commands\\n"
004786dc	12	string	"play sound"
004787e8	28	string	"execute commands in case of"
00478846	34	string	"conditional executing of commands"
00478c7e	14	string	"play sound"
00478d62	30	string	"auspicale variabile e carica"
00478d92	10	string	"sprite 11"
00478daf	9	string	"group"
00478dce	6	string	"group"
00478e83	13	string	"sprite 12"
00478eb0	13	string	"function 10\\n"
00478ecd	7	string	"group"
00478f30	16	string	"index increment"
00478f4f	13	string	"sprite 13"
00478f9f	13	string	"function 16\\t"
00478fae	10	string	"sprite 14"
00478fd7	13	string	"sprite 15"
00479000	8	string	"group\\t"
00479009	11	string	"sprite 16"
00479032	10	string	"sprite 17"
0047905b	13	string	"sprite 18"
00479084	12	string	"sprite 19"
004790ad	11	string	"sprite 20"
004790d6	6	string	"group"
004790ff	9	string	"group"
00479140	13	string	"function 18\\t"
0047914f	13	string	"sprite 21"
00479178	12	string	"sprite 22"
004791a1	7	string	"group\\t"
004791aa	10	string	"sprite 23"
004791d3	13	string	"sprite 24"
004791fc	12	string	"sprite 25"
00479225	11	string	"sprite 26"
0047924e	10	string	"sprite 27"
00479277	9	string	"group"
004792a0	12	string	"function 20"
004792b7	13	string	"sprite 28"
004792e0	12	string	"sprite 29"
00479309	11	string	"sprite 30"
00479332	10	string	"sprite 31"
0047935b	9	string	"group"
00479374	8	string	"group"
004793b9	15	string	"function 22\\t"
004793c8	12	string	"sprite 32"
004793fe	14	string	"horizontal 3\\n"
0047941c	13	string	"direction 3\\t"
0047944f	9	string	"state 3\\t"
00479467	14	string	"horizontal 4\\n"
00479485	15	string	"direction 4\\t"
004794c3	9	string	"group"
004794dc	8	string	"group"
0047950d	15	string	"function 24\\t"
0047951c	12	string	"sprite 35"
00479545	7	string	"group\\t"
0047955b	14	string	"horizontal 5\\n"
00479579	15	string	"direction 5\\t"
004795ac	9	string	"state 5\\t"
004795c4	16	string	"horizontal 6\\n"
004795e2	14	string	"direction 6\\t"
00479615	11	string	"state 6\\t"
0047962d	15	string	"horizontal 7\\n"
0047964b	13	string	"direction 7\\t"
0047967e	10	string	"state 7\\t"
00479696	14	string	"horizontal 8\\n"
004796b4	13	string	"direction 8\\t"
004796e7	9	string	"state 8\\t"
004796ff	14	string	"horizontal 9\\n"
0047971d	15	string	"direction 9\\t"
00479750	9	string	"state 9\\t"
0047975b	13	string	"sprite 41\\r"
00479788	16	string	"direction 10\\n"
00479798	12	string	"visible 10\\t"
004797bf	10	string	"state 10\\t"
004797cb	13	string	"sprite 42\\r"
004797f8	16	string	"direction 11\\n"
00479808	12	string	"visible 11\\t"
0047982f	10	string	"state 11\\t"
0047983b	13	string	"sprite 43\\r"
00479868	16	string	"direction 12\\n"
00479878	12	string	"visible 12\\t"
004798ab	9	string	"group"
004798bc	8	string	"group"
004798e2	10	string	"function\\t"
004798ee	10	string	"sprite 44"
00479917	9	string	"sprite 2"
0047993f	9	string	"group"
0047994c	8	string	"group"
0047997d	7	string	"group\\n"
00479994	12	string	"sprite 3"
004799bc	12	string	"sprite 4"
004799e8	8	string	"group"
00479a21	7	string	"group\\n"
00479a38	12	string	"sprite 7"
00479a60	12	string	"sprite 8"
00479a88	12	string	"sprite 9"
00479ac5	7	string	"group\\n"
00479ae8	12	string	"sprite 5"
00479b10	12	string	"sprite 6"
00479beb	9	string	"sprite"
00479c19	7	string	"sprite"
00479c47	9	string	"sprite"
00479cc8	8	string	"number"
00479ce6	10	string	"number"
00479cf8	8	string	"number"
00479d1e	10	string	"number"
00479d30	8	string	"sprite\\n"
00479d48	12	string	"vertical\\t"
00479d7f	9	string	"state"
00479e3e	10	string	"skupina"
0047a09a	30	string	"execute commands in case of"
0047a28f	9	string	"skupina"
0047a3ac	28	string	"execute commands in case of"
0047a3f6	30	string	"execute commands in case of"
0047a557	29	string	"execute commands in case of"
0047a582	30	string	"execute commands in case of"
0047a5ca	30	string	"execute commands in case of!"
0047a5e9	35	string	"conditional executing of commands"
0047a6bb	29	string	"execute commands in case of"
0047a70f	29	string	"execute commands in case of!"
0047a72e	34	string	"conditional executing of commands"
0047a817	13	string	"draw picture"
0047a929	31	string	"execute commands in case of"
0047a958	28	string	"execute commands in case of"
0047a983	37	string	"conditional executing of commands"
0047aa30	36	string	"conditional executing of commands!"
0047aa55	35	string	"conditional executing of commands"
0047aacb	37	string	"conditional executing of commands"
0047aaf4	44	string	"command repeating with specified run number"
0047ab2b	45	string	"command repeating with specified run number"
0047abbe	14	string	"draw picture"
0047abde	46	string	"command repeating with specified run number"
0047acca	30	string	"execute commands in case of"
0047ae2f	9	string	"group"
0047ae63	9	string	"then do"
0047ae86	35	string	"conditional executing of commands+"
0047aeab	45	string	"command repeating with specified run number"
0047aee2	10	string	"else do"
0047afb7	29	string	"execute commands in case of"
0047b009	35	string	"conditional executing of commands\\n"
0047b02e	14	string	"play sound\\n"
0047b03c	12	string	"play sound!"
0047b04a	35	string	"conditional executing of commands\\n"
0047b06f	13	string	"play sound\\n"
0047b07d	11	string	"play sound"
0047b0c6	35	string	"conditional executing of commands!"
0047b0eb	37	string	"conditional executing of commands\\n"
0047b110	12	string	"play sound"
0047b21c	28	string	"execute commands in case of"
0047b27a	34	string	"conditional executing of commands"
0047b6b2	14	string	"play sound"
0047b796	30	string	"basic variables and functions"
0047b7c7	13	string	"sprite 11"
0047b7e4	8	string	"group"
0047b803	9	string	"group"
0047b8b8	12	string	"sprite 12"
0047b8e5	15	string	"function 10\\n"
0047b902	6	string	"group"
0047b965	19	string	"index increment"
0047b984	12	string	"sprite 13"
0047b9d4	13	string	"function 16\\t"
0047b9e3	13	string	"sprite 14"
0047ba0c	12	string	"sprite 15"
0047ba35	7	string	"group\\t"
0047ba3e	10	string	"sprite 16"
0047ba67	13	string	"sprite 17"
0047ba90	12	string	"sprite 18"
0047bab9	11	string	"sprite 19"
0047bae2	10	string	"sprite 20"
0047bb0b	9	string	"group"
0047bb34	8	string	"group"
0047bb75	15	string	"function 18\\t"
0047bb84	12	string	"sprite 21"
0047bbad	11	string	"sprite 22"
0047bbd6	7	string	"group\\t"
0047bbdf	13	string	"sprite 23"
0047bc08	12	string	"sprite 24"
0047bc31	11	string	"sprite 25"
0047bc5a	10	string	"sprite 26"
0047bc83	13	string	"sprite 27"
0047bcac	8	string	"group"
0047bcd5	15	string	"function 20"
0047bcec	12	string	"sprite 28"
0047bd15	11	string	"sprite 29"
0047bd3e	10	string	"sprite 30"
0047bd67	13	string	"sprite 31"
0047bd90	8	string	"group"
0047bda9	7	string	"group"
0047bdee	14	string	"function 22\\t"
0047bdfd	11	string	"sprite 32"
0047be33	14	string	"horizontal 3\\n"
0047be51	15	string	"direction 3\\t"
0047be84	9	string	"state 3\\t"
0047be9c	16	string	"horizontal 4\\n"
0047beba	14	string	"direction 4\\t"
0047bef8	8	string	"group"
0047bf11	7	string	"group"
0047bf42	14	string	"function 24\\t"
0047bf51	11	string	"sprite 35"
0047bf7a	7	string	"group\\t"
0047bf90	16	string	"horizontal 5\\n"
0047bfae	14	string	"direction 5\\t"
0047bfe1	11	string	"state 5\\t"
0047bff9	15	string	"horizontal 6\\n"
0047c017	13	string	"direction 6\\t"
0047c04a	10	string	"state 6\\t"
0047c062	14	string	"horizontal 7\\n"
0047c080	13	string	"direction 7\\t"
0047c0b3	9	string	"state 7\\t"
0047c0cb	14	string	"horizontal 8\\n"
0047c0e9	15	string	"direction 8\\t"
0047c11c	9	string	"state 8\\t"
0047c134	16	string	"horizontal 9\\n"
0047c152	14	string	"direction 9\\t"
0047c185	11	string	"state 9\\t"
0047c190	12	string	"sprite 41\\r"
0047c1bd	15	string	"direction 10\\n"
0047c1cd	12	string	"visible 10\\t"
0047c1f4	12	string	"state 10\\t"
0047c200	12	string	"sprite 42\\r"
0047c22d	15	string	"direction 11\\n"
0047c23d	12	string	"visible 11\\t"
0047c264	12	string	"state 11\\t"
0047c270	12	string	"sprite 43\\r"
0047c29d	15	string	"direction 12\\n"
0047c2ad	12	string	"visible 12\\t"
0047c2e0	8	string	"group"
0047c2f1	7	string	"group"
0047c317	10	string	"function\\t"
0047c323	13	string	"sprite 44"
0047c34c	12	string	"sprite 2"
0047c374	8	string	"group"
0047c381	7	string	"group"
0047c3b2	7	string	"group\\n"
0047c3c9	11	string	"sprite 3"
0047c3f1	11	string	"sprite 4"
0047c41d	7	string	"group"
0047c456	7	string	"group\\n"
0047c46d	11	string	"sprite 7"
0047c495	11	string	"sprite 8"
0047c4bd	11	string	"sprite 9"
0047c4fa	7	string	"group\\n"
0047c51d	11	string	"sprite 5"
0047c545	11	string	"sprite 6"
0047c620	8	string	"sprite"
0047c64e	10	string	"sprite"
0047c67c	8	string	"sprite"
0047c6fd	7	string	"number"
0047c71b	9	string	"number"
0047c72d	7	string	"number"
0047c753	9	string	"number"
0047c765	8	string	"sprite\\n"
0047c77d	11	string	"vertical\\t"
0047c7b4	8	string	"state"
0047c873	9	string	"skupina"
0047cacf	29	string	"execute commands in case of"
0047ccc4	8	string	"skupina"
0047cde1	31	string	"execute commands in case of"
0047ce2b	29	string	"execute commands in case of"
0047cf8c	28	string	"execute commands in case of"
0047cfb7	29	string	"execute commands in case of"
0047cfff	29	string	"execute commands in case of!"
0047d01e	34	string	"conditional executing of commands"
0047d0f0	28	string	"execute commands in case of"
0047d144	29	string	"execute commands in case of!"
0047d163	37	string	"conditional executing of commands"
0047d24c	16	string	"draw picture"
0047d35e	30	string	"execute commands in case of"
0047d38d	31	string	"execute commands in case of"
0047d3b8	36	string	"conditional executing of commands"
0047d465	35	string	"conditional executing of commands!"
0047d48a	34	string	"conditional executing of commands"
0047d500	36	string	"conditional executing of commands"
0047d529	47	string	"command repeating with specified run number"
0047d560	44	string	"command repeating with specified run number"
0047d5f3	13	string	"draw picture"
0047d613	45	string	"command repeating with specified run number"
0047d6ff	29	string	"execute commands in case of"
0047d864	8	string	"group"
0047d898	8	string	"then do"
0047d8bb	37	string	"conditional executing of commands+"
0047d8e0	44	string	"command repeating with specified run number"
0047d917	9	string	"else do"
0047d9ec	28	string	"execute commands in case of"
0047da3e	35	string	"conditional executing of commands\\n"
0047da63	13	string	"play sound\\n"
0047da71	12	string	"play sound!"
0047da7f	37	string	"conditional executing of commands\\n"
0047daa4	12	string	"play sound\\n"
0047dab2	14	string	"play sound"
0047dafb	37	string	"conditional executing of commands!"
0047db20	36	string	"conditional executing of commands\\n"
0047db45	11	string	"play sound"
0047dc51	31	string	"execute commands in case of"
0047dcaf	37	string	"conditional executing of commands"
0047e0e7	13	string	"play sound"
0047e1cb	33	string	"basic variables and functions"
0047e1fc	12	string	"sprite 11"
0047e219	7	string	"group"
0047e238	8	string	"group"
0047e2ed	11	string	"sprite 12"
0047e31a	14	string	"function 10\\n"
0047e337	9	string	"group"
0047e39a	18	string	"index increment"
0047e3b9	11	string	"sprite 13"
0047e409	15	string	"function 16\\t"
0047e418	12	string	"sprite 14"
0047e441	11	string	"sprite 15"
0047e46a	7	string	"group\\t"
0047e473	13	string	"sprite 16"
0047e49c	12	string	"sprite 17"
0047e4c5	11	string	"sprite 18"
0047e4ee	10	string	"sprite 19"
0047e517	13	string	"sprite 20"
0047e540	8	string	"group"
0047e569	7	string	"group"
0047e5aa	14	string	"function 18\\t"
0047e5b9	11	string	"sprite 21"
0047e5e2	10	string	"sprite 22"
0047e60b	9	string	"group\\t"
0047e614	12	string	"sprite 23"
0047e63d	11	string	"sprite 24"
0047e666	10	string	"sprite 25"
0047e68f	13	string	"sprite 26"
0047e6b8	12	string	"sprite 27"
0047e6e1	7	string	"group"
0047e70a	14	string	"function 20"
0047e721	11	string	"sprite 28"
0047e74a	10	string	"sprite 29"
0047e773	13	string	"sprite 30"
0047e79c	12	string	"sprite 31"
0047e7c5	7	string	"group"
0047e7de	6	string	"group"
0047e823	13	string	"function 22\\t"
0047e832	10	string	"sprite 32"
0047e868	16	string	"horizontal 3\\n"
0047e886	14	string	"direction 3\\t"
0047e8b9	11	string	"state 3\\t"
0047e8d1	15	string	"horizontal 4\\n"
0047e8ef	13	string	"direction 4\\t"
0047e92d	7	string	"group"
0047e946	6	string	"group"
0047e977	13	string	"function 24\\t"
0047e986	10	string	"sprite 35"
0047e9af	9	string	"group\\t"
0047e9c5	15	string	"horizontal 5\\n"
0047e9e3	13	string	"direction 5\\t"
0047ea16	10	string	"state 5\\t"
0047ea2e	14	string	"horizontal 6\\n"
0047ea4c	13	string	"direction 6\\t"
0047ea7f	9	string	"state 6\\t"
0047ea97	14	string	"horizontal 7\\n"
0047eab5	15	string	"direction 7\\t"
0047eae8	9	string	"state 7\\t"
0047eb00	16	string	"horizontal 8\\n"
0047eb1e	14	string	"direction 8\\t"
0047eb51	11	string	"state 8\\t"
0047eb69	15	string	"horizontal 9\\n"
0047eb87	13	string	"direction 9\\t"
0047ebba	10	string	"state 9\\t"
0047ebc5	11	string	"sprite 41\\r"
0047ebf2	14	string	"direction 10\\n"
0047ec02	14	string	"visible 10\\t"
0047ec29	11	string	"state 10\\t"
0047ec35	11	string	"sprite 42\\r"
0047ec62	14	string	"direction 11\\n"
0047ec72	14	string	"visible 11\\t"
0047ec99	11	string	"state 11\\t"
0047eca5	11	string	"sprite 43\\r"
0047ecd2	14	string	"direction 12\\n"
0047ece2	14	string	"visible 12\\t"
0047ed15	7	string	"group"
0047ed26	6	string	"group"
0047ed4c	12	string	"function\\t"
0047ed58	12	string	"sprite 44"
0047ed81	11	string	"sprite 2"
0047eda9	7	string	"group"
0047edb6	6	string	"group"
0047ede7	9	string	"group\\n"
0047edfe	10	string	"sprite 3"
0047ee26	10	string	"sprite 4"
0047ee52	6	string	"group"
0047ee8b	9	string	"group\\n"
0047eea2	10	string	"sprite 7"
0047eeca	10	string	"sprite 8"
0047eef2	10	string	"sprite 9"
0047ef2f	9	string	"group\\n"
0047ef52	10	string	"sprite 5"
0047ef7a	10	string	"sprite 6"
0047f055	7	string	"sprite"
0047f083	9	string	"sprite"
0047f0b1	7	string	"sprite"
0047f132	10	string	"number"
0047f150	8	string	"number"
0047f162	10	string	"number"
0047f188	8	string	"number"
0047f19a	10	string	"sprite\\n"
0047f1b2	10	string	"vertical\\t"
0047f1e9	7	string	"state"
0047f2a8	8	string	"skupina"
0047f504	28	string	"execute commands in case of"
0047f6f9	11	string	"skupina"
0047f816	30	string	"execute commands in case of"
0047f860	28	string	"execute commands in case of"
0047f9c1	31	string	"execute commands in case of"
0047f9ec	28	string	"execute commands in case of"
0047fa34	29	string	"execute commands in case of!"
0047fa53	37	string	"conditional executing of commands"
0047fb25	31	string	"execute commands in case of"
0047fb79	31	string	"execute commands in case of!"
0047fb98	36	string	"conditional executing of commands"
0047fc81	15	string	"draw picture"
0047fd93	29	string	"execute commands in case of"
0047fdc2	30	string	"execute commands in case of"
0047fded	35	string	"conditional executing of commands"
0047fe9a	35	string	"conditional executing of commands!"
0047febf	37	string	"conditional executing of commands"
0047ff35	35	string	"conditional executing of commands"
0047ff5e	46	string	"command repeating with specified run number"
0047ff95	47	string	"command repeating with specified run number"
00480028	16	string	"draw picture"
00480048	44	string	"command repeating with specified run number"
00480134	28	string	"execute commands in case of"
00480299	7	string	"group"
004802cd	11	string	"then do"
004802f0	36	string	"conditional executing of commands+"
00480315	47	string	"command repeating with specified run number"
0048034c	8	string	"else do"
00480421	31	string	"execute commands in case of"
00480473	37	string	"conditional executing of commands\\n"
00480498	12	string	"play sound\\n"
004804a6	14	string	"play sound!"
004804b4	36	string	"conditional executing of commands\\n"
004804d9	12	string	"play sound\\n"
004804e7	13	string	"play sound"
00480530	36	string	"conditional executing of commands!"
00480555	35	string	"conditional executing of commands\\n"
0048057a	14	string	"play sound"
00480686	30	string	"execute commands in case of"
004806e4	36	string	"conditional executing of commands"
00480b1c	12	string	"play sound"
00480c00	36	string	"podstawowe przemieniane i funkcje"
00480c2d	11	string	"przedmiot\\t"
00480ddb	17	string	"szenie indeksu"
0048129f	17	string	"horyzontalnie 3\\r"
004812b2	15	string	"vertykalnie 3\\n"
004812c3	13	string	"kierunek 3\\n"
0048130d	19	string	"horyzontalnie 4\\r"
00481320	16	string	"vertykalnie 4\\n"
00481331	12	string	"kierunek 4\\n"
00481404	17	string	"horyzontalnie 5\\r"
00481417	17	string	"vertykalnie 5\\n"
00481428	12	string	"kierunek 5\\n"
00481472	18	string	"horyzontalnie 6\\r"
00481485	15	string	"vertykalnie 6\\n"
00481496	14	string	"kierunek 6\\n"
004814e0	17	string	"horyzontalnie 7\\r"
004814f3	17	string	"vertykalnie 7\\n"
00481504	12	string	"kierunek 7\\n"
0048154e	18	string	"horyzontalnie 8\\r"
00481561	15	string	"vertykalnie 8\\n"
00481572	14	string	"kierunek 8\\n"
004815bc	17	string	"horyzontalnie 9\\r"
004815cf	17	string	"vertykalnie 9\\n"
004815e0	12	string	"kierunek 9\\n"
0048165f	13	string	"widoczny 10\\n"
00481a80	8	string	"flaga\\t"
00481b91	7	string	"numer"
00481bad	7	string	"numer"
00481bbe	6	string	"numer"
00481be3	9	string	"numer"
00481d06	10	string	"skupina"
00481e02	7	string	"flaga "
00482178	8	string	"skupina"
00482d9e	14	string	"zatem wykonaj"
004836e7	33	string	"basic variables and functions"
00483718	12	string	"sprite 11"
00483735	7	string	"group"
00483754	8	string	"group"
00483809	11	string	"sprite 12"
00483836	14	string	"function 10\\n"
00483853	9	string	"group"
004838b6	18	string	"index increment"
004838d5	11	string	"sprite 13"
00483925	15	string	"function 16\\t"
00483934	12	string	"sprite 14"
0048395d	11	string	"sprite 15"
00483986	7	string	"group\\t"
0048398f	13	string	"sprite 16"
004839b8	12	string	"sprite 17"
004839e1	11	string	"sprite 18"
00483a0a	10	string	"sprite 19"
00483a33	13	string	"sprite 20"
00483a5c	8	string	"group"
00483a85	7	string	"group"
00483ac6	14	string	"function 18\\t"
00483ad5	11	string	"sprite 21"
00483afe	10	string	"sprite 22"
00483b27	9	string	"group\\t"
00483b30	12	string	"sprite 23"
00483b59	11	string	"sprite 24"
00483b82	10	string	"sprite 25"
00483bab	13	string	"sprite 26"
00483bd4	12	string	"sprite 27"
00483bfd	7	string	"group"
00483c26	14	string	"function 20"
00483c3d	11	string	"sprite 28"
00483c66	10	string	"sprite 29"
00483c8f	13	string	"sprite 30"
00483cb8	12	string	"sprite 31"
00483ce1	7	string	"group"
00483cfa	6	string	"group"
00483d3f	13	string	"function 22\\t"
00483d4e	10	string	"sprite 32"
00483d84	16	string	"horizontal 3\\n"
00483da2	14	string	"direction 3\\t"
00483dd5	11	string	"state 3\\t"
00483ded	15	string	"horizontal 4\\n"
00483e0b	13	string	"direction 4\\t"
00483e49	7	string	"group"
00483e62	6	string	"group"
00483e93	13	string	"function 24\\t"
00483ea2	10	string	"sprite 35"
00483ecb	9	string	"group\\t"
00483ee1	15	string	"horizontal 5\\n"
00483eff	13	string	"direction 5\\t"
00483f32	10	string	"state 5\\t"
00483f4a	14	string	"horizontal 6\\n"
00483f68	13	string	"direction 6\\t"
00483f9b	9	string	"state 6\\t"
00483fb3	14	string	"horizontal 7\\n"
00483fd1	15	string	"direction 7\\t"
00484004	9	string	"state 7\\t"
0048401c	16	string	"horizontal 8\\n"
0048403a	14	string	"direction 8\\t"
0048406d	11	string	"state 8\\t"
00484085	15	string	"horizontal 9\\n"
004840a3	13	string	"direction 9\\t"
004840d6	10	string	"state 9\\t"
004840e1	11	string	"sprite 41\\r"
0048410e	14	string	"direction 10\\n"
0048411e	14	string	"visible 10\\t"
00484145	11	string	"state 10\\t"
00484151	11	string	"sprite 42\\r"
0048417e	14	string	"direction 11\\n"
0048418e	14	string	"visible 11\\t"
004841b5	11	string	"state 11\\t"
004841c1	11	string	"sprite 43\\r"
004841ee	14	string	"direction 12\\n"
004841fe	14	string	"visible 12\\t"
00484231	7	string	"group"
00484242	6	string	"group"
00484268	12	string	"function\\t"
00484274	12	string	"sprite 44"
0048429d	11	string	"sprite 2"
004842c5	7	string	"group"
004842d2	6	string	"group"
00484303	9	string	"group\\n"
0048431a	10	string	"sprite 3"
00484342	10	string	"sprite 4"
0048436e	6	string	"group"
004843a7	9	string	"group\\n"
004843be	10	string	"sprite 7"
004843e6	10	string	"sprite 8"
0048440e	10	string	"sprite 9"
0048444b	9	string	"group\\n"
0048446e	10	string	"sprite 5"
00484496	10	string	"sprite 6"
00484571	7	string	"sprite"
0048459f	9	string	"sprite"
004845cd	7	string	"sprite"
0048464e	10	string	"number"
0048466c	8	string	"number"
0048467e	10	string	"number"
004846a4	8	string	"number"
004846b6	10	string	"sprite\\n"
004846ce	10	string	"vertical\\t"
00484705	7	string	"state"
004847c4	8	string	"skupina"
00484a20	28	string	"execute commands in case of"
00484c15	11	string	"skupina"
00484d32	30	string	"execute commands in case of"
00484d7c	28	string	"execute commands in case of"
00484edd	31	string	"execute commands in case of"
00484f08	28	string	"execute commands in case of"
00484f50	29	string	"execute commands in case of!"
00484f6f	37	string	"conditional executing of commands"
00485041	31	string	"execute commands in case of"
00485095	31	string	"execute commands in case of!"
004850b4	36	string	"conditional executing of commands"
0048519d	15	string	"draw picture"
004852af	29	string	"execute commands in case of"
004852de	30	string	"execute commands in case of"
00485309	35	string	"conditional executing of commands"
004853b6	35	string	"conditional executing of commands!"
004853db	37	string	"conditional executing of commands"
00485451	35	string	"conditional executing of commands"
0048547a	46	string	"command repeating with specified run number"
004854b1	47	string	"command repeating with specified run number"
00485544	16	string	"draw picture"
00485564	44	string	"command repeating with specified run number"
00485650	28	string	"execute commands in case of"
004857b5	7	string	"group"
004857e9	11	string	"then do"
0048580c	36	string	"conditional executing of commands+"
00485831	47	string	"command repeating with specified run number"
00485868	8	string	"else do"
0048593d	31	string	"execute commands in case of"
0048598f	37	string	"conditional executing of commands\\n"
004859b4	12	string	"play sound\\n"
004859c2	14	string	"play sound!"
004859d0	36	string	"conditional executing of commands\\n"
004859f5	12	string	"play sound\\n"
00485a03	13	string	"play sound"
00485a4c	36	string	"conditional executing of commands!"
00485a71	35	string	"conditional executing of commands\\n"
00485a96	14	string	"play sound"
00485ba2	30	string	"execute commands in case of"
00485c00	36	string	"conditional executing of commands"
00486038	12	string	"play sound"
0048616d	11	string	"skupina"
0048618c	8	string	"skupina"
00486224	9	string	"skupina\\t"
0048628f	9	string	"skupina"
0048629e	11	string	"funkce 11\\t"
004862ab	13	string	"funkce 12\\t"
004862ef	21	string	"inkrementace indexu"
0048633b	9	string	"skupina\\t"
00486360	12	string	"funkce 16\\t"
004863bf	9	string	"skupina\\t"
00486497	9	string	"skupina"
004864c2	10	string	"skupina"
004864ed	11	string	"skupina\\t"
00486564	9	string	"skupina\\t"
0048663c	8	string	"skupina"
0048664f	9	string	"skupina\\t"
0048665a	11	string	"funkce 19\\t"
00486667	13	string	"funkce 20"
00486720	8	string	"skupina"
0048673b	9	string	"skupina"
0048676a	10	string	"skupina\\t"
0048688c	8	string	"skupina"
004868a7	9	string	"skupina"
004868c2	10	string	"skupina\\t"
004868da	11	string	"funkce 24\\t"
00486910	9	string	"skupina\\t"
00486c80	8	string	"skupina"
00486c93	9	string	"skupina"
00486d18	8	string	"skupina"
00486d27	9	string	"skupina"
00486dc5	11	string	"skupina"
00487218	8	string	"skupina"
00487678	8	string	"skupina"
004881ea	10	string	"skupina"
00488b92	10	string	"skupina"
00488bb1	11	string	"skupina"
00488c49	11	string	"skupina\\t"
00488cb4	8	string	"skupina"
00488cc3	13	string	"funkce 11\\t"
00488cd0	12	string	"funkce 12\\t"
00488d14	20	string	"inkrementace indexu"
00488d60	9	string	"skupina\\t"
00488d85	11	string	"funkce 16\\t"
00488de4	9	string	"skupina\\t"
00488ebc	8	string	"skupina"
00488ee7	9	string	"skupina"
00488f12	10	string	"skupina\\t"
00488f89	11	string	"skupina\\t"
00489061	11	string	"skupina"
00489074	9	string	"skupina\\t"
0048907f	13	string	"funkce 19\\t"
0048908c	12	string	"funkce 20"
00489145	11	string	"skupina"
00489160	8	string	"skupina"
0048918f	9	string	"skupina\\t"
004892b1	11	string	"skupina"
004892cc	8	string	"skupina"
004892e7	9	string	"skupina\\t"
004892ff	13	string	"funkce 24\\t"
00489335	11	string	"skupina\\t"
004896a5	11	string	"skupina"
004896b8	8	string	"skupina"
0048973d	11	string	"skupina"
0048974c	8	string	"skupina"
004897ea	10	string	"skupina"
00489c3d	11	string	"skupina"
0048a09d	11	string	"skupina"
0048ac0f	9	string	"skupina"
0048b577	13	string	" a funkce"
0048b5b4	8	string	"skupina"
0048b5d3	9	string	"skupina"
0048b66b	9	string	"skupina\\t"
0048b6d6	10	string	"skupina"
0048b6e5	11	string	"funkce 11\\t"
0048b6f2	11	string	"funkce 12\\t"
0048b736	22	string	"inkrementace indexu"
0048b782	10	string	"skupina\\t"
0048b7a7	13	string	"funkce 16\\t"
0048b806	10	string	"skupina\\t"
0048b8de	10	string	"skupina"
0048b909	11	string	"skupina"
0048b934	9	string	"skupina\\t"
0048b9ab	9	string	"skupina\\t"
0048ba83	9	string	"skupina"
0048ba96	10	string	"skupina\\t"
0048baa1	11	string	"funkce 19\\t"
0048baae	10	string	"funkce 20"
0048bb67	9	string	"skupina"
0048bb82	10	string	"skupina"
0048bbb1	11	string	"skupina\\t"
0048bcd3	9	string	"skupina"
0048bcee	10	string	"skupina"
0048bd09	11	string	"skupina\\t"
0048bd21	11	string	"funkce 24\\t"
0048bd57	9	string	"skupina\\t"
0048c0c7	9	string	"skupina"
0048c0da	10	string	"skupina"
0048c15f	9	string	"skupina"
0048c16e	10	string	"skupina"
0048c20c	8	string	"skupina"
0048c65f	9	string	"skupina"
0048cabf	9	string	"skupina"
0048d631	11	string	"skupina"
0048df99	11	string	" a funkcie"
0048e95c	8	string	"smer\\t"
0048e99c	12	string	"funkcia 3"
0048ea4b	9	string	"skupina"
0048eeda	10	string	"skupina"
0048fab7	9	string	"skupina"
0048faef	17	string	"potom vykonaj"
0048fb61	15	string	"inak vykonaj"
0048fd11	19	string	"prehratie zvuku"
0048fda3	17	string	"prehratie zvuku"
00490385	19	string	"prehratie zvuku"
00490470	32	string	"basic variables and functions"
004904a1	11	string	"sprite 11"
004904be	6	string	"group"
004904dd	7	string	"group"
00490592	10	string	"sprite 12"
004905bf	13	string	"function 10\\n"
004905dc	8	string	"group"
0049063f	17	string	"index increment"
0049065e	10	string	"sprite 13"
004906ae	14	string	"function 16\\t"
004906bd	11	string	"sprite 14"
004906e6	10	string	"sprite 15"
0049070f	9	string	"group\\t"
00490718	12	string	"sprite 16"
00490741	11	string	"sprite 17"
0049076a	10	string	"sprite 18"
00490793	13	string	"sprite 19"
004907bc	12	string	"sprite 20"
004907e5	7	string	"group"
0049080e	6	string	"group"
0049084f	13	string	"function 18\\t"
0049085e	10	string	"sprite 21"
00490887	13	string	"sprite 22"
004908b0	8	string	"group\\t"
004908b9	11	string	"sprite 23"
004908e2	10	string	"sprite 24"
0049090b	13	string	"sprite 25"
00490934	12	string	"sprite 26"
0049095d	11	string	"sprite 27"
00490986	6	string	"group"
004909af	13	string	"function 20"
004909c6	10	string	"sprite 28"
004909ef	13	string	"sprite 29"
00490a18	12	string	"sprite 30"
00490a41	11	string	"sprite 31"
00490a6a	6	string	"group"
00490a83	9	string	"group"
00490ac8	13	string	"function 22\\t"
00490ad7	13	string	"sprite 32"
00490b0d	15	string	"horizontal 3\\n"
00490b2b	13	string	"direction 3\\t"
00490b5e	10	string	"state 3\\t"
00490b76	14	string	"horizontal 4\\n"
00490b94	13	string	"direction 4\\t"
00490bd2	6	string	"group"
00490beb	9	string	"group"
00490c1c	13	string	"function 24\\t"
00490c2b	13	string	"sprite 35"
00490c54	8	string	"group\\t"
00490c6a	14	string	"horizontal 5\\n"
00490c88	13	string	"direction 5\\t"
00490cbb	9	string	"state 5\\t"
00490cd3	14	string	"horizontal 6\\n"
00490cf1	15	string	"direction 6\\t"
00490d24	9	string	"state 6\\t"
00490d3c	16	string	"horizontal 7\\n"
00490d5a	14	string	"direction 7\\t"
00490d8d	11	string	"state 7\\t"
00490da5	15	string	"horizontal 8\\n"
00490dc3	13	string	"direction 8\\t"
00490df6	10	string	"state 8\\t"
00490e0e	14	string	"horizontal 9\\n"
00490e2c	13	string	"direction 9\\t"
00490e5f	9	string	"state 9\\t"
00490e6a	11	string	"sprite 41\\r"
00490e97	14	string	"direction 10\\n"
00490ea7	13	string	"visible 10\\t"
00490ece	10	string	"state 10\\t"
00490eda	11	string	"sprite 42\\r"
00490f07	14	string	"direction 11\\n"
00490f17	13	string	"visible 11\\t"
00490f3e	10	string	"state 11\\t"
00490f4a	11	string	"sprite 43\\r"
00490f77	14	string	"direction 12\\n"
00490f87	13	string	"visible 12\\t"
00490fba	6	string	"group"
00490fcb	9	string	"group"
00490ff1	11	string	"function\\t"
00490ffd	11	string	"sprite 44"
00491026	10	string	"sprite 2"
0049104e	6	string	"group"
0049105b	9	string	"group"
0049108c	8	string	"group\\n"
004910a3	9	string	"sprite 3"
004910cb	9	string	"sprite 4"
004910f7	9	string	"group"
00491130	8	string	"group\\n"
00491147	9	string	"sprite 7"
0049116f	9	string	"sprite 8"
00491197	9	string	"sprite 9"
004911d4	8	string	"group\\n"
004911f7	9	string	"sprite 5"
0049121f	9	string	"sprite 6"
004912fa	10	string	"sprite"
00491328	8	string	"sprite"
00491356	10	string	"sprite"
004913d7	9	string	"number"
004913f5	7	string	"number"
00491407	9	string	"number"
0049142d	7	string	"number"
0049143f	9	string	"sprite\\n"
00491457	10	string	"vertical\\t"
0049148e	6	string	"state"
0049154d	11	string	"skupina"
004917a9	31	string	"execute commands in case of"
0049199e	10	string	"skupina"
00491abb	29	string	"execute commands in case of"
00491b05	31	string	"execute commands in case of"
00491c66	30	string	"execute commands in case of"
00491c91	31	string	"execute commands in case of"
00491cd9	31	string	"execute commands in case of!"
00491cf8	36	string	"conditional executing of commands"
00491dca	30	string	"execute commands in case of"
00491e1e	30	string	"execute commands in case of!"
00491e3d	35	string	"conditional executing of commands"
00491f26	14	string	"draw picture"
00492038	28	string	"execute commands in case of"
00492067	29	string	"execute commands in case of"
00492092	34	string	"conditional executing of commands"
0049213f	37	string	"conditional executing of commands!"
00492164	36	string	"conditional executing of commands"
004921da	34	string	"conditional executing of commands"
00492203	45	string	"command repeating with specified run number"
0049223a	46	string	"command repeating with specified run number"
004922cd	15	string	"draw picture"
004922ed	47	string	"command repeating with specified run number"
004923d9	31	string	"execute commands in case of"
0049253e	6	string	"group"
00492572	10	string	"then do"
00492595	35	string	"conditional executing of commands+"
004925ba	46	string	"command repeating with specified run number"
004925f1	11	string	"else do"
004926c6	30	string	"execute commands in case of"
00492718	36	string	"conditional executing of commands\\n"
0049273d	12	string	"play sound\\n"
0049274b	13	string	"play sound!"
00492759	35	string	"conditional executing of commands\\n"
0049277e	14	string	"play sound\\n"
0049278c	12	string	"play sound"
004927d5	35	string	"conditional executing of commands!"
004927fa	35	string	"conditional executing of commands\\n"
0049281f	13	string	"play sound"
0049292b	29	string	"execute commands in case of"
00492989	35	string	"conditional executing of commands"
00492dc1	11	string	"play sound"
00492ea5	31	string	"basic variables and functions"
00492ed6	10	string	"sprite 11"
00492ef3	9	string	"group"
00492f12	6	string	"group"
00492fc7	13	string	"sprite 12"
00492ff4	13	string	"function 10\\n"
00493011	7	string	"group"
00493074	16	string	"index increment"
00493093	13	string	"sprite 13"
004930e3	13	string	"function 16\\t"
004930f2	10	string	"sprite 14"
0049311b	13	string	"sprite 15"
00493144	8	string	"group\\t"
0049314d	11	string	"sprite 16"
00493176	10	string	"sprite 17"
0049319f	13	string	"sprite 18"
004931c8	12	string	"sprite 19"
004931f1	11	string	"sprite 20"
0049321a	6	string	"group"
00493243	9	string	"group"
00493284	13	string	"function 18\\t"
00493293	13	string	"sprite 21"
004932bc	12	string	"sprite 22"
004932e5	7	string	"group\\t"
004932ee	10	string	"sprite 23"
00493317	13	string	"sprite 24"
00493340	12	string	"sprite 25"
00493369	11	string	"sprite 26"
00493392	10	string	"sprite 27"
004933bb	9	string	"group"
004933e4	12	string	"function 20"
004933fb	13	string	"sprite 28"
00493424	12	string	"sprite 29"
0049344d	11	string	"sprite 30"
00493476	10	string	"sprite 31"
0049349f	9	string	"group"
004934b8	8	string	"group"
004934fd	15	string	"function 22\\t"
0049350c	12	string	"sprite 32"
00493542	14	string	"horizontal 3\\n"
00493560	13	string	"direction 3\\t"
00493593	9	string	"state 3\\t"
004935ab	14	string	"horizontal 4\\n"
004935c9	15	string	"direction 4\\t"
00493607	9	string	"group"
00493620	8	string	"group"
00493651	15	string	"function 24\\t"
00493660	12	string	"sprite 35"
00493689	7	string	"group\\t"
0049369f	14	string	"horizontal 5\\n"
004936bd	15	string	"direction 5\\t"
004936f0	9	string	"state 5\\t"
00493708	16	string	"horizontal 6\\n"
00493726	14	string	"direction 6\\t"
00493759	11	string	"state 6\\t"
00493771	15	string	"horizontal 7\\n"
0049378f	13	string	"direction 7\\t"
004937c2	10	string	"state 7\\t"
004937da	14	string	"horizontal 8\\n"
004937f8	13	string	"direction 8\\t"
0049382b	9	string	"state 8\\t"
00493843	14	string	"horizontal 9\\n"
00493861	15	string	"direction 9\\t"
00493894	9	string	"state 9\\t"
0049389f	13	string	"sprite 41\\r"
004938cc	16	string	"direction 10\\n"
004938dc	12	string	"visible 10\\t"
00493903	10	string	"state 10\\t"
0049390f	13	string	"sprite 42\\r"
0049393c	16	string	"direction 11\\n"
0049394c	12	string	"visible 11\\t"
00493973	10	string	"state 11\\t"
0049397f	13	string	"sprite 43\\r"
004939ac	16	string	"direction 12\\n"
004939bc	12	string	"visible 12\\t"
004939ef	9	string	"group"
00493a00	8	string	"group"
00493a26	10	string	"function\\t"
00493a32	10	string	"sprite 44"
00493a5b	9	string	"sprite 2"
00493a83	9	string	"group"
00493a90	8	string	"group"
00493ac1	7	string	"group\\n"
00493ad8	12	string	"sprite 3"
00493b00	12	string	"sprite 4"
00493b2c	8	string	"group"
00493b65	7	string	"group\\n"
00493b7c	12	string	"sprite 7"
00493ba4	12	string	"sprite 8"
00493bcc	12	string	"sprite 9"
00493c09	7	string	"group\\n"
00493c2c	12	string	"sprite 5"
00493c54	12	string	"sprite 6"
00493d2f	9	string	"sprite"
00493d5d	7	string	"sprite"
00493d8b	9	string	"sprite"
00493e0c	8	string	"number"
00493e2a	10	string	"number"
00493e3c	8	string	"number"
00493e62	10	string	"number"
00493e74	8	string	"sprite\\n"
00493e8c	12	string	"vertical\\t"
00493ec3	9	string	"state"
00493f82	10	string	"skupina"
004941de	30	string	"execute commands in case of"
004943d3	9	string	"skupina"
004944f0	28	string	"execute commands in case of"
0049453a	30	string	"execute commands in case of"
0049469b	29	string	"execute commands in case of"
004946c6	30	string	"execute commands in case of"
0049470e	30	string	"execute commands in case of!"
0049472d	35	string	"conditional executing of commands"
004947ff	29	string	"execute commands in case of"
00494853	29	string	"execute commands in case of!"
00494872	34	string	"conditional executing of commands"
0049495b	13	string	"draw picture"
00494a6d	31	string	"execute commands in case of"
00494a9c	28	string	"execute commands in case of"
00494ac7	37	string	"conditional executing of commands"
00494b74	36	string	"conditional executing of commands!"
00494b99	35	string	"conditional executing of commands"
00494c0f	37	string	"conditional executing of commands"
00494c38	44	string	"command repeating with specified run number"
00494c6f	45	string	"command repeating with specified run number"
00494d02	14	string	"draw picture"
00494d22	46	string	"command repeating with specified run number"
00494e0e	30	string	"execute commands in case of"
00494f73	9	string	"group"
00494fa7	9	string	"then do"
00494fca	35	string	"conditional executing of commands+"
00494fef	45	string	"command repeating with specified run number"
00495026	10	string	"else do"
004950fb	29	string	"execute commands in case of"
0049514d	35	string	"conditional executing of commands\\n"
00495172	14	string	"play sound\\n"
00495180	12	string	"play sound!"
0049518e	35	string	"conditional executing of commands\\n"
004951b3	13	string	"play sound\\n"
004951c1	11	string	"play sound"
0049520a	35	string	"conditional executing of commands!"
0049522f	37	string	"conditional executing of commands\\n"
00495254	12	string	"play sound"
00495360	28	string	"execute commands in case of"
004953be	34	string	"conditional executing of commands"
004957f6	14	string	"play sound"
004958da	30	string	"basic variables and functions"
0049590b	13	string	"sprite 11"
00495928	8	string	"group"
00495947	9	string	"group"
004959fc	12	string	"sprite 12"
00495a29	15	string	"function 10\\n"
00495a46	6	string	"group"
00495aa9	19	string	"index increment"
00495ac8	12	string	"sprite 13"
00495b18	13	string	"function 16\\t"
00495b27	13	string	"sprite 14"
00495b50	12	string	"sprite 15"
00495b79	7	string	"group\\t"
00495b82	10	string	"sprite 16"
00495bab	13	string	"sprite 17"
00495bd4	12	string	"sprite 18"
00495bfd	11	string	"sprite 19"
00495c26	10	string	"sprite 20"
00495c4f	9	string	"group"
00495c78	8	string	"group"
00495cb9	15	string	"function 18\\t"
00495cc8	12	string	"sprite 21"
00495cf1	11	string	"sprite 22"
00495d1a	7	string	"group\\t"
00495d23	13	string	"sprite 23"
00495d4c	12	string	"sprite 24"
00495d75	11	string	"sprite 25"
00495d9e	10	string	"sprite 26"
00495dc7	13	string	"sprite 27"
00495df0	8	string	"group"
00495e19	15	string	"function 20"
00495e30	12	string	"sprite 28"
00495e59	11	string	"sprite 29"
00495e82	10	string	"sprite 30"
00495eab	13	string	"sprite 31"
00495ed4	8	string	"group"
00495eed	7	string	"group"
00495f32	14	string	"function 22\\t"
00495f41	11	string	"sprite 32"
00495f77	14	string	"horizontal 3\\n"
00495f95	15	string	"direction 3\\t"
00495fc8	9	string	"state 3\\t"
00495fe0	16	string	"horizontal 4\\n"
00495ffe	14	string	"direction 4\\t"
0049603c	8	string	"group"
00496055	7	string	"group"
00496086	14	string	"function 24\\t"
00496095	11	string	"sprite 35"
004960be	7	string	"group\\t"
004960d4	16	string	"horizontal 5\\n"
004960f2	14	string	"direction 5\\t"
00496125	11	string	"state 5\\t"
0049613d	15	string	"horizontal 6\\n"
0049615b	13	string	"direction 6\\t"
0049618e	10	string	"state 6\\t"
004961a6	14	string	"horizontal 7\\n"
004961c4	13	string	"direction 7\\t"
004961f7	9	string	"state 7\\t"
0049620f	14	string	"horizontal 8\\n"
0049622d	15	string	"direction 8\\t"
00496260	9	string	"state 8\\t"
00496278	16	string	"horizontal 9\\n"
00496296	14	string	"direction 9\\t"
004962c9	11	string	"state 9\\t"
004962d4	12	string	"sprite 41\\r"
00496301	15	string	"direction 10\\n"
00496311	12	string	"visible 10\\t"
00496338	12	string	"state 10\\t"
00496344	12	string	"sprite 42\\r"
00496371	15	string	"direction 11\\n"
00496381	12	string	"visible 11\\t"
004963a8	12	string	"state 11\\t"
004963b4	12	string	"sprite 43\\r"
004963e1	15	string	"direction 12\\n"
004963f1	12	string	"visible 12\\t"
00496424	8	string	"group"
00496435	7	string	"group"
0049645b	10	string	"function\\t"
00496467	13	string	"sprite 44"
00496490	12	string	"sprite 2"
004964b8	8	string	"group"
004964c5	7	string	"group"
004964f6	7	string	"group\\n"
0049650d	11	string	"sprite 3"
00496535	11	string	"sprite 4"
00496561	7	string	"group"
0049659a	7	string	"group\\n"
004965b1	11	string	"sprite 7"
004965d9	11	string	"sprite 8"
00496601	11	string	"sprite 9"
0049663e	7	string	"group\\n"
00496661	11	string	"sprite 5"
00496689	11	string	"sprite 6"
00496764	8	string	"sprite"
00496792	10	string	"sprite"
004967c0	8	string	"sprite"
00496841	7	string	"number"
0049685f	9	string	"number"
00496871	7	string	"number"
00496897	9	string	"number"
004968a9	8	string	"sprite\\n"
004968c1	11	string	"vertical\\t"
004968f8	8	string	"state"
004969b7	9	string	"skupina"
00496c13	29	string	"execute commands in case of"
00496e08	8	string	"skupina"
00496f25	31	string	"execute commands in case of"
00496f6f	29	string	"execute commands in case of"
004970d0	28	string	"execute commands in case of"
004970fb	29	string	"execute commands in case of"
00497143	29	string	"execute commands in case of!"
00497162	34	string	"conditional executing of commands"
00497234	28	string	"execute commands in case of"
00497288	29	string	"execute commands in case of!"
004972a7	37	string	"conditional executing of commands"
00497390	16	string	"draw picture"
004974a2	30	string	"execute commands in case of"
004974d1	31	string	"execute commands in case of"
004974fc	36	string	"conditional executing of commands"
004975a9	35	string	"conditional executing of commands!"
004975ce	34	string	"conditional executing of commands"
00497644	36	string	"conditional executing of commands"
0049766d	47	string	"command repeating with specified run number"
004976a4	44	string	"command repeating with specified run number"
00497737	13	string	"draw picture"
00497757	45	string	"command repeating with specified run number"
00497843	29	string	"execute commands in case of"
004979a8	8	string	"group"
004979dc	8	string	"then do"
004979ff	37	string	"conditional executing of commands+"
00497a24	44	string	"command repeating with specified run number"
00497a5b	9	string	"else do"
00497b30	28	string	"execute commands in case of"
00497b82	35	string	"conditional executing of commands\\n"
00497ba7	13	string	"play sound\\n"
00497bb5	12	string	"play sound!"
00497bc3	37	string	"conditional executing of commands\\n"
00497be8	12	string	"play sound\\n"
00497bf6	14	string	"play sound"
00497c3f	37	string	"conditional executing of commands!"
00497c64	36	string	"conditional executing of commands\\n"
00497c89	11	string	"play sound"
00497d95	31	string	"execute commands in case of"
00497df3	37	string	"conditional executing of commands"
0049822b	13	string	"play sound"
