vtable	slot_index	slot_address	pointer_value	target_function
0054b5c4	0	0054b5c4	<unreadable>	
0054b5c4	1	0054b5c8	<unreadable>	
0054b5c4	2	0054b5cc	<unreadable>	
0054b5c4	3	0054b5d0	<unreadable>	
0054b5c4	4	0054b5d4	<unreadable>	
0054b5c4	5	0054b5d8	<unreadable>	
0054b5c4	6	0054b5dc	<unreadable>	
0054b5c4	7	0054b5e0	<unreadable>	
0054c71c	0	0054c71c	<unreadable>	
0054c71c	1	0054c720	<unreadable>	
0054c71c	2	0054c724	<unreadable>	
0054c71c	3	0054c728	<unreadable>	
0054c71c	4	0054c72c	<unreadable>	
0054c71c	5	0054c730	<unreadable>	
0054c71c	6	0054c734	<unreadable>	
0054c71c	7	0054c738	<unreadable>	
0054c71c	8	0054c73c	<unreadable>	
0054c71c	9	0054c740	<unreadable>	
0054c71c	10	0054c744	<unreadable>	
0054c71c	11	0054c748	<unreadable>	
0054c71c	12	0054c74c	<unreadable>	
0054c71c	13	0054c750	<unreadable>	
0054c71c	14	0054c754	<unreadable>	
0054c71c	15	0054c758	<unreadable>	
0054c71c	16	0054c75c	<unreadable>	
0054c71c	17	0054c760	<unreadable>	
0054c71c	18	0054c764	<unreadable>	
0054c71c	19	0054c768	<unreadable>	
0054c71c	20	0054c76c	<unreadable>	
0054c71c	21	0054c770	<unreadable>	
0054c71c	22	0054c774	<unreadable>	
0054c71c	23	0054c778	<unreadable>	
0054ca70	0	0054ca70	<unreadable>	
0054ca70	1	0054ca74	<unreadable>	
0054ca70	2	0054ca78	<unreadable>	
0054ca70	3	0054ca7c	<unreadable>	
0054ca70	4	0054ca80	<unreadable>	
0054ca70	5	0054ca84	<unreadable>	
0054ca70	6	0054ca88	<unreadable>	
0054ca70	7	0054ca8c	<unreadable>	
0054ca70	8	0054ca90	<unreadable>	
0054ca70	9	0054ca94	<unreadable>	
0054ca70	10	0054ca98	<unreadable>	
0054ca70	11	0054ca9c	<unreadable>	
0054ca70	12	0054caa0	<unreadable>	
0054ca70	13	0054caa4	<unreadable>	
0054ca70	14	0054caa8	<unreadable>	
0054ca70	15	0054caac	<unreadable>	
0054ca70	16	0054cab0	<unreadable>	
0054ca70	17	0054cab4	<unreadable>	
0054ca70	18	0054cab8	<unreadable>	
0054ca70	19	0054cabc	<unreadable>	
0054ca70	20	0054cac0	<unreadable>	
0054ca70	21	0054cac4	<unreadable>	
0054ca70	22	0054cac8	<unreadable>	
0054ca70	23	0054cacc	<unreadable>	
0054ca70	24	0054cad0	<unreadable>	
0054ca70	25	0054cad4	<unreadable>	
0054ca70	26	0054cad8	<unreadable>	
0054ca70	27	0054cadc	<unreadable>	
0054ca70	28	0054cae0	<unreadable>	
0054ca70	29	0054cae4	<unreadable>	
0054ca70	30	0054cae8	<unreadable>	
0054ca70	31	0054caec	<unreadable>	
0054ca70	32	0054caf0	<unreadable>	
0054ca70	33	0054caf4	<unreadable>	
0054ca70	34	0054caf8	<unreadable>	
0054ca70	35	0054cafc	<unreadable>	
0054ca70	36	0054cb00	<unreadable>	
0054ca70	37	0054cb04	<unreadable>	
0054ca70	38	0054cb08	<unreadable>	
0054ca70	39	0054cb0c	<unreadable>	
0054ca70	40	0054cb10	<unreadable>	
0054ca70	41	0054cb14	<unreadable>	
0054ca70	42	0054cb18	<unreadable>	
0054ca70	43	0054cb1c	<unreadable>	
0054ca70	44	0054cb20	<unreadable>	
0054ca70	45	0054cb24	<unreadable>	
0054ca70	46	0054cb28	<unreadable>	
0054ca70	47	0054cb2c	<unreadable>	
0054ca70	48	0054cb30	<unreadable>	
0054ca70	49	0054cb34	<unreadable>	
0054ca70	50	0054cb38	<unreadable>	
0054ca70	51	0054cb3c	<unreadable>	
0054ca70	52	0054cb40	<unreadable>	
0054ca70	53	0054cb44	<unreadable>	
0054ca70	54	0054cb48	<unreadable>	
0054ca70	55	0054cb4c	<unreadable>	
0054ca70	56	0054cb50	<unreadable>	
0054ca70	57	0054cb54	<unreadable>	
0054ca70	58	0054cb58	<unreadable>	
0054ca70	59	0054cb5c	<unreadable>	
0054ca70	60	0054cb60	<unreadable>	
0054ca70	61	0054cb64	<unreadable>	
0054ca70	62	0054cb68	<unreadable>	
0054ca70	63	0054cb6c	<unreadable>	
0054ca70	64	0054cb70	<unreadable>	
0054ca70	65	0054cb74	<unreadable>	
0054ca70	66	0054cb78	<unreadable>	
0054b5c0	0	0054b5c0	<unreadable>	
0054b5c0	1	0054b5c4	<unreadable>	
0054b5c0	2	0054b5c8	<unreadable>	
0054b5c0	3	0054b5cc	<unreadable>	
0054b5c0	4	0054b5d0	<unreadable>	
0054b5c0	5	0054b5d4	<unreadable>	
0054c6b0	0	0054c6b0	<unreadable>	
0054c6b0	1	0054c6b4	<unreadable>	
0054c6b0	2	0054c6b8	<unreadable>	
0054c6b0	3	0054c6bc	<unreadable>	
0054c6b0	4	0054c6c0	<unreadable>	
0054c6b0	5	0054c6c4	<unreadable>	
0054c6b0	6	0054c6c8	<unreadable>	
0054c6b0	7	0054c6cc	<unreadable>	
0054c4a8	0	0054c4a8	<unreadable>	
0054c4a8	1	0054c4ac	<unreadable>	
0054c4a8	2	0054c4b0	<unreadable>	
0054c4a8	3	0054c4b4	<unreadable>	
0054c4a8	4	0054c4b8	<unreadable>	
0054c4a8	5	0054c4bc	<unreadable>	
0054c4a8	6	0054c4c0	<unreadable>	
0054c4a8	7	0054c4c4	<unreadable>	
0054c4a8	8	0054c4c8	<unreadable>	
0054c4a8	9	0054c4cc	<unreadable>	
0054c4a8	10	0054c4d0	<unreadable>	
0054c4a8	11	0054c4d4	<unreadable>	
